time,latitude,longitude,depth_km,mag,id,updated,place,type
2021-06-05T17:55:58.820Z,33.14,-115.6348333,5.78,5.25,ci39919392,2021-06-09T19:38:23.238Z,"11km W of Calipatria, CA",earthquake
2020-12-01T23:32:56.573Z,38.1637,-118.0837,5,5.1,nn00787105,2021-02-06T18:29:35.040Z,"25 km S of Mina, Nevada",earthquake
2020-11-13T09:13:51.862Z,38.1693,-117.8533,4.8,5.3,nn00782942,2021-04-27T07:04:53.937Z,"33 km SE of Mina, Nevada",earthquake
2020-06-30T09:24:23.549Z,38.1539,-117.9583,8.3,5,nn00755218,2020-09-05T17:35:36.040Z,"29 km SSE of Mina, Nevada",earthquake
2020-06-24T17:40:49.240Z,36.4468333,-117.9751667,4.66,5.8,ci39493944,2021-06-09T17:51:20.133Z,"18km SSE of Lone Pine, CA",earthquake
2020-06-04T01:32:11.140Z,35.6148333,-117.4281667,8.44,5.51,ci39462536,2021-04-20T16:37:27.267Z,"17km S of Searles Valley, CA",earthquake
2020-05-22T00:22:00.588Z,38.2309,-117.7939,7.2,5.1,nn00730721,2020-08-08T18:17:48.040Z,"53km WNW of Tonopah, Nevada",earthquake
2020-05-20T12:36:53.447Z,38.2012,-117.7453,11.7,5,nn00729332,2020-08-09T10:22:23.139Z,"46km WNW of Tonopah, Nevada",earthquake
2020-05-15T11:26:01.747Z,38.1811,-117.8711,6.8,5.1,nn00725291,2020-08-02T00:31:42.040Z,"55km WNW of Tonopah, Nevada",earthquake
2020-05-15T11:03:27.176Z,38.1689,-117.8497,2.7,6.5,nn00725272,2021-05-15T11:13:44.782Z,"Monte Cristo Range, NV Earthquake",earthquake
2020-04-11T14:36:37.040Z,38.0525,-118.7333333,8.45,5.24,nc73367270,2021-04-11T14:46:53.802Z,"30km SE of Bodie, CA",earthquake
2020-03-18T22:08:20.920Z,40.3475,-124.4561667,28.61,5.21,nc73355700,2021-03-18T22:18:33.066Z,"15km W of Petrolia, CA",earthquake
2019-07-06T04:18:55.790Z,35.9101667,-117.6848333,7.41,5.44,ci38457847,2020-05-21T01:08:33.207Z,"20km E of Little Lake, CA",earthquake
2019-07-06T03:47:53.420Z,35.9011667,-117.7495,5.04,5.5,ci38457687,2020-07-09T21:44:24.632Z,"15km ESE of Little Lake, CA",earthquake
2019-07-06T03:19:53.040Z,35.7695,-117.5993333,8,7.1,ci38457511,2021-05-24T07:32:32.436Z,2019 Ridgecrest Earthquake Sequence,earthquake
2019-07-05T11:07:53.040Z,35.7603333,-117.575,6.95,5.37,ci38450263,2020-07-14T17:30:09.310Z,"16km W of Searles Valley, CA",earthquake
2019-07-04T17:33:49.000Z,35.7053333,-117.5038333,10.5,6.4,ci38443183,2021-05-24T07:31:29.183Z,Ridgecrest Earthquake Sequence,earthquake
2019-06-23T03:53:02.890Z,40.2735,-124.3003333,9.44,5.58,nc73201181,2021-06-07T16:33:49.472Z,"6km SSW of Petrolia, CA",earthquake
2018-04-05T19:29:16.500Z,33.8375,-119.7258333,9.87,5.29,ci37908735,2020-09-21T22:50:05.267Z,"29km SW of Santa Cruz Is. (E end), CA",earthquake
2016-12-28T09:13:47.243Z,38.3777,-118.8957,8.8,5.5,nn00570744,2020-05-21T01:43:17.438Z,"28km SW of Hawthorne, Nevada",earthquake
2016-12-28T08:22:12.208Z,38.3904,-118.8972,12.2,5.6,nn00570710,2018-07-02T18:09:31.575Z,"26km SW of Hawthorne, Nevada",earthquake
2016-12-28T08:18:00.613Z,38.3755,-118.8989,11.3,5.6,nn00570709,2020-07-10T14:27:55.840Z,"27km SW of Hawthorne, Nevada",earthquake
2016-12-14T16:41:05.530Z,38.8221667,-122.8413333,1.48,5.01,nc72737985,2020-05-21T01:30:54.745Z,"8km NW of The Geysers, California",earthquake
2016-08-10T02:57:17.510Z,39.3293333,-122.8018333,14.45,5.09,nc72672610,2020-10-20T02:39:54.728Z,"20km NNE of Upper Lake, California",earthquake
2016-06-10T08:04:38.700Z,33.4315,-116.4426667,12.31,5.19,ci37374687,2021-02-19T01:00:53.943Z,"20km NNW of Borrego Springs, CA",earthquake
2015-05-22T18:47:42.980Z,37.2925,-114.6546,4,5.3,nn00495477,2018-06-29T23:53:44.297Z,"37km SSW of Caliente, Nevada",earthquake
2015-01-28T21:08:53.710Z,40.3178333,-124.6066667,16.881,5.72,nc72387946,2020-07-10T14:25:05.382Z,"40km SW of Ferndale, California",earthquake
2014-08-24T10:20:44.070Z,38.2151667,-122.3123333,11.12,6.02,nc72282711,2021-03-08T17:30:16.641Z,South Napa,earthquake
2014-03-29T04:09:42.170Z,33.9325,-117.9158333,5.09,5.1,ci15481673,2021-05-14T00:36:05.924Z,"2km NW of Brea, CA",earthquake
2013-05-24T03:47:08.180Z,40.1918333,-121.0595,7.968,5.69,nc71996906,2020-07-10T14:24:39.433Z,"10km WNW of Greenville, California",earthquake
2013-02-13T00:10:14.393Z,38.0222,-118.0553,7.5,5.1,nn00402688,2018-06-29T22:33:47.366Z,"72km W of Tonopah, Nevada",earthquake
2012-10-21T06:55:09.510Z,36.3096667,-120.856,8.619,5.29,nc71863625,2019-05-07T21:38:43.890Z,Central California,earthquake
2012-08-26T20:57:58.220Z,33.0185,-115.5403333,8.283,5.41,ci15200401,2020-07-09T21:14:09.065Z,"4km NNW of Brawley, CA",earthquake
2012-08-26T19:31:23.040Z,33.0171667,-115.5536667,8.323,5.32,ci15199681,2021-02-19T00:57:47.731Z,"5km NNW of Brawley, CA",earthquake
2012-02-13T21:07:02.770Z,41.1431667,-123.7903333,27.358,5.6,nc71734741,2020-07-10T14:24:14.907Z,Northern California,earthquake
2010-07-07T23:53:33.480Z,33.4173333,-116.4746667,12.318,5.42,ci10736069,2021-02-12T06:42:11.819Z,"20km NNW of Borrego Springs, CA",earthquake
2010-06-15T04:26:58.240Z,32.705,-115.9113333,8.756,5.71,ci14745580,2020-07-07T22:07:16.775Z,"8km ESE of Ocotillo, CA",earthquake
2010-04-04T23:25:07.190Z,32.2661667,-115.2925,9.987,5.38,ci14607924,2017-02-08T01:18:09.568Z,"12km WNW of Alberto Oviedo Mota, B.C., MX",earthquake
2010-04-04T23:15:14.240Z,32.3,-115.2595,9.987,5.43,ci14607836,2017-02-08T01:12:37.767Z,"9km SW of Delta, B.C., MX",earthquake
2010-04-04T22:43:00.430Z,32.4533333,-115.632,9.981,5.26,ci10184394,2017-02-08T15:33:36.578Z,"15km SSW of Progreso, B.C., MX",earthquake
2010-04-04T22:40:42.360Z,32.2861667,-115.2953333,9.987,7.2,ci14607652,2021-05-26T02:54:07.187Z,"12km SW of Delta, B.C., MX",earthquake
2009-12-30T18:48:57.330Z,32.464,-115.1891667,5.971,5.8,ci14565620,2020-09-10T04:27:37.677Z,"12km N of Delta, B.C., MX",earthquake
2009-10-03T01:16:00.310Z,36.391,-117.8608333,-1.77,5.19,ci14519780,2020-07-07T22:04:49.601Z,"18km NE of Olancha, CA",earthquake
2009-10-01T10:01:24.670Z,36.3878333,-117.8586667,3.985,5,ci14517500,2020-05-02T02:08:06.584Z,"18km NE of Olancha, CA",earthquake
2009-09-19T22:55:17.840Z,32.3706667,-115.2611667,9.987,5.08,ci14512436,2020-07-07T22:04:35.058Z,"7km WNW of Delta, B.C., MX",earthquake
2008-12-06T04:18:42.850Z,34.8133333,-116.4188333,6.37,5.06,ci14408052,2020-05-02T01:59:43.034Z,"26km WNW of Ludlow, CA",earthquake
2008-07-29T18:42:15.670Z,33.9485,-117.7663333,15.503,5.44,ci14383980,2021-02-12T08:02:07.647Z,"5km S of Chino Hills, CA",earthquake
2008-04-30T03:03:06.900Z,40.8358333,-123.4968333,27.755,5.4,nc40216664,2020-06-27T07:10:04.169Z,Northern California,earthquake
2008-04-26T06:40:10.453Z,39.5231,-119.9393,2.8,5.1,nn00385392,2018-07-24T21:38:00.689Z,"1km NW of Mogul, Nevada",earthquake
2008-02-21T14:34:55.538Z,41.137,-114.8398,0,5.1,nn00517570,2015-11-16T20:00:35.791Z,"10km ENE of Wells, Nevada",earthquake
2008-02-21T14:16:02.821Z,41.1444,-114.8721,7.9,5.9,nn00234425,2020-12-09T06:04:02.386Z,"8km ENE of Wells, Nevada",earthquake
2008-02-19T22:41:29.660Z,32.4325,-115.313,6.006,5.01,ci14351140,2020-05-02T01:51:03.439Z,"14km NW of Delta, B.C., MX",earthquake
2008-02-11T18:29:30.530Z,32.3271667,-115.2568333,6.001,5.1,ci14348196,2020-06-27T06:48:40.782Z,"7km WSW of Delta, B.C., MX",earthquake
2008-02-09T07:12:04.550Z,32.3595,-115.2773333,6.001,5.1,ci14346868,2021-03-03T18:14:51.965Z,"8km W of Delta, B.C., MX",earthquake
2007-10-31T03:04:54.810Z,37.4335,-121.7743333,9.741,5.45,nc40204628,2021-02-17T05:43:14.691Z,"San Francisco Bay area, California",earthquake
2006-07-19T11:41:43.460Z,40.2806667,-124.4331667,20.064,5,nc21527987,2020-05-06T09:05:26.783Z,offshore Northern California,earthquake
2006-05-24T04:20:26.010Z,32.3066667,-115.2278333,6.006,5.37,ci12245763,2020-05-21T00:49:53.104Z,"6km SSW of Delta, B.C., MX",earthquake
2005-09-02T01:27:19.590Z,33.1533333,-115.6463333,1.207,5.08,ci14179736,2021-02-18T19:24:46.862Z,"13km WNW of Calipatria, CA",earthquake
2005-06-12T15:41:46.520Z,33.5325,-116.5666667,13.051,5.2,ci14151344,2020-05-02T01:28:17.103Z,"10km ESE of Anza, CA",earthquake
2004-09-29T22:54:54.240Z,35.3898333,-118.6235,2.788,5.03,ci14095628,2020-05-02T01:25:07.662Z,"25km SSW of Bodfish, California",earthquake
2004-09-29T17:10:04.030Z,35.9536667,-120.5021667,10.772,5,nc21401069,2020-05-06T06:59:12.438Z,Central California,earthquake
2004-09-28T17:15:24.250Z,35.8181667,-120.366,8.136,5.97,nc30228270,2020-07-07T22:35:46.389Z,"18km N of Shandon, California",earthquake
2004-09-18T23:43:41.490Z,38.0233333,-118.658,0.431,5.35,nc30500748,2018-04-24T21:16:56.131Z,"49km NE of Mammoth Lakes, California",earthquake
2004-09-18T23:02:17.750Z,38.0095,-118.6785,3.355,5.4,nc21396205,2020-05-06T06:56:54.725Z,"47km NNE of Mammoth Lakes, California",earthquake
2003-12-22T19:15:56.240Z,35.7005,-121.1005,8.382,6.5,nc21323712,2020-08-14T17:23:56.082Z,Central California,earthquake
2002-06-17T16:55:07.680Z,40.8098333,-124.552,17.195,5.2,nc21231051,2020-02-12T17:38:08.993Z,offshore Northern California,earthquake
2002-02-22T19:32:41.750Z,32.3188333,-115.3215,7.007,5.7,ci12456384,2020-07-09T21:11:59.999Z,"13km WSW of Delta, B.C., MX",earthquake
2001-10-31T07:56:16.630Z,33.5083333,-116.5143333,13.678,5.02,ci9718013,2020-02-12T17:51:08.600Z,"16km ESE of Anza, CA",earthquake
2001-08-10T20:19:27.060Z,39.8111667,-120.6166667,5.011,5.2,nc21188442,2020-02-12T17:57:31.982Z,Northern California,earthquake
2001-07-17T12:07:26.100Z,36.0163333,-117.8743333,1.864,5.17,ci9674049,2020-02-12T17:59:17.025Z,"7km ESE of Coso Junction, CA",earthquake
1999-10-16T12:57:21.060Z,34.4415,-116.2525,0.838,5.37,ci3320736,2020-04-16T18:16:46.145Z,"32km SSW of Ludlow, California",earthquake
1999-10-16T09:59:38.000Z,34.24,-117.04,6,5.6,ci10180015,2020-07-09T21:09:47.651Z,"7km ENE of Running Springs, CA",earthquake
1999-10-16T09:59:35.390Z,34.6781667,-116.2895,13.906,5.77,ci3320848,2020-07-09T21:30:41.719Z,"13km WSW of Ludlow, CA",earthquake
1999-10-16T09:46:44.460Z,34.6033333,-116.265,13.73,7.1,ci9108652,2020-08-21T18:33:58.123Z,"Hector Mine, CA Earthquake",earthquake
1999-08-01T16:11:22.030Z,37.421,-117.004,4.208,5.05,ci3319188,2016-02-15T23:29:39.080Z,"61km NNW of Beatty, Nevada",earthquake
1999-08-01T16:06:20.870Z,37.53,-116.968,6.037,5.94,ci9098566,2016-11-09T23:07:38.088Z,"64km SSE of Tonopah, Nevada",earthquake
1999-05-15T13:22:10.660Z,37.5296667,-118.8171667,2.934,5.5,nc21014765,2020-07-10T14:20:22.765Z,Central California,earthquake
1998-11-26T19:49:53.600Z,40.6261667,-122.414,24.59,5.1,nc30207228,2019-02-22T01:38:01.530Z,"7km NW of Redding, CA",earthquake
1998-08-12T14:10:25.140Z,36.7545,-121.4615,8.822,5.1,nc30190473,2020-07-07T22:35:32.781Z,Central California,earthquake
1998-03-07T00:36:46.840Z,36.076,-117.618,0.234,5.04,ci9045109,2016-02-12T06:51:35.717Z,"30km E of Coso Junction, California",earthquake
1998-03-06T05:47:40.340Z,36.067,-117.638,0.334,5.23,ci9044494,2016-11-09T22:01:33.992Z,"28km E of Coso Junction, California",earthquake
1997-04-26T10:37:30.670Z,34.369,-118.67,15.892,5.07,ci9008753,2016-02-12T19:17:44.098Z,"12km ESE of Piru, California",earthquake
1997-03-18T15:24:47.720Z,34.971,-116.819,0.621,5.26,ci7062511,2016-02-12T06:30:18.018Z,"20km ENE of Barstow, California",earthquake
1997-01-26T06:23:19.440Z,40.2813333,-124.3965,21.566,5.2,nc492691,2016-12-25T18:26:18.990Z,offshore Northern California,earthquake
1997-01-22T07:17:16.810Z,40.2736667,-124.3791667,23.007,5.6,nc492079,2020-07-10T14:23:28.071Z,offshore Northern California,earthquake
1996-11-27T20:17:24.110Z,36.075,-117.65,-0.02,5.3,ci7050470,2016-11-10T00:04:31.311Z,"27km E of Coso Junction, California",earthquake
1996-01-07T14:32:53.020Z,35.761,-117.646,3.236,5.17,ci3248846,2016-02-12T18:42:25.298Z,"16km N of Ridgecrest, California",earthquake
1995-09-20T23:27:36.270Z,35.761,-117.638,4.688,5.75,ci3231786,2020-07-09T21:21:51.523Z,"16km NNE of Ridgecrest, California",earthquake
1995-08-17T22:39:58.100Z,35.776,-117.662,4.784,5.36,ci3225143,2016-11-09T23:16:18.139Z,"17km N of Ridgecrest, California",earthquake
1995-06-26T08:40:28.940Z,34.394,-118.669,12.76,5.02,ci3217586,2016-02-13T04:24:33.495Z,"11km SW of Valencia, California",earthquake
1994-12-26T14:10:29.180Z,40.7383333,-124.3028333,22.622,5.4,nc30065114,2020-07-10T14:21:47.539Z,offshore Northern California,earthquake
1994-09-12T23:57:09.750Z,38.7763333,-119.705,-0.942,5.1,nc30057222,2016-12-22T13:43:57.360Z,Northern California,earthquake
1994-09-12T12:23:43.200Z,38.819,-119.652,11.629,5.7,ci3184133,2020-07-07T22:10:14.007Z,"11km SE of Gardnerville Ranchos, Nevada",earthquake
1994-03-20T21:20:12.260Z,34.231,-118.475,12.442,5.24,ci3159411,2016-11-09T22:07:22.255Z,"3km WNW of Panorama City, California",earthquake
1994-01-29T11:20:35.970Z,34.306,-118.579,0.607,5.06,ci3147406,2016-02-12T14:53:30.392Z,"6km NNE of Chatsworth, California",earthquake
1994-01-19T21:11:44.900Z,34.378,-118.619,10.83,5.07,ci3142597,2016-02-12T12:08:07.288Z,"10km SSW of Valencia, California",earthquake
1994-01-19T21:09:28.610Z,34.379,-118.712,13.797,5.06,ci3142595,2016-02-13T08:36:11.800Z,"8km ESE of Piru, California",earthquake
1994-01-18T00:43:08.890Z,34.377,-118.698,10.709,5.24,ci3141286,2020-04-16T18:54:30.059Z,"10km ESE of Piru, California",earthquake
1994-01-17T23:33:30.690Z,34.326,-118.698,9.083,5.58,ci3141273,2020-07-09T21:21:01.303Z,"7km NNE of Simi Valley, California",earthquake
1994-01-17T12:40:36.120Z,34.34,-118.614,5.395,5.2,ci3144694,2016-02-11T18:26:34.251Z,"9km N of Chatsworth, California",earthquake
1994-01-17T12:31:58.120Z,34.275,-118.493,5.317,5.89,ci3149646,2020-07-09T21:21:19.090Z,"1km ENE of Granada Hills, California",earthquake
1994-01-17T12:30:55.390Z,34.213,-118.537,18.202,6.7,ci3144585,2021-02-18T19:18:10.350Z,"1km NNW of Reseda, CA",earthquake
1993-12-04T22:15:19.720Z,42.2915,-122.0086667,4.797,5.1,uw10316468,2020-09-21T18:41:10.842Z,Oregon,earthquake
1993-09-21T05:45:35.230Z,42.3575,-122.0583333,8.53,6,uw10313838,2021-01-05T02:09:17.195Z,Oregon,earthquake
1993-09-21T03:28:55.630Z,42.3161667,-122.0266667,8.56,5.9,uw10313718,2020-09-21T18:40:49.024Z,Oregon,earthquake
1993-08-21T01:46:38.400Z,34.029,-116.321,8.245,5,ci3118441,2016-02-10T02:50:36.885Z,"12km S of Joshua Tree, California",earthquake
1993-05-28T04:47:40.600Z,35.149,-119.104,20.612,5.19,ci3107503,2020-07-09T21:20:43.944Z,"21km SW of Lamont, California",earthquake
1993-05-17T23:20:50.250Z,37.165,-117.774,3.599,6.1,ci3105173,2021-01-04T22:39:38.507Z,"46km E of Big Pine, California",earthquake
1992-12-04T02:08:57.500Z,34.369,-116.898,1.325,5.26,ci3081404,2016-11-10T00:07:24.741Z,"10km SE of Lucerne Valley, California",earthquake
1992-11-27T16:00:57.490Z,34.34,-116.9,-0.402,5.29,ci3079915,2020-07-09T21:20:05.226Z,"10km NNW of Big Bear City, California",earthquake
1992-09-15T08:47:11.300Z,34.064,-116.361,7.177,5.26,ci3062563,2016-11-09T23:29:42.998Z,"9km SE of Yucca Valley, California",earthquake
1992-08-17T20:41:52.120Z,34.195,-116.863,9.44,5.23,ci3055028,2020-07-09T21:19:27.026Z,"7km SE of Big Bear Lake, California",earthquake
1992-07-11T18:14:16.160Z,35.21,-118.067,9.564,5.67,ci3041390,2020-07-09T21:18:51.024Z,"12km NW of California City, California",earthquake
1992-07-05T21:18:27.600Z,34.583,-116.322,4.922,5.42,ci3035348,2020-07-09T21:18:12.105Z,"21km SW of Ludlow, California",earthquake
1992-07-01T07:40:29.900Z,34.33,-116.464,5.091,5.34,ci3032643,2020-07-09T21:17:59.393Z,"24km N of Yucca Valley, California",earthquake
1992-06-29T14:13:38.770Z,34.1045,-116.39,11.191,5.08,ci3031615,2016-11-09T22:52:24.389Z,"4km ESE of Yucca Valley, CA",earthquake
1992-06-29T14:08:37.730Z,34.105,-116.403,9.649,5.69,ci3031935,2021-03-09T23:59:32.821Z,"3km ESE of Yucca Valley, California",earthquake
1992-06-29T10:14:23.180Z,36.698,-116.289,9.07,5.4,ci3031537,2020-08-25T22:23:29.786Z,"48km ESE of Beatty, NV",earthquake
1992-06-28T17:05:57.560Z,34.255,-116.912,6.553,5.26,ci3031157,2016-02-10T07:27:06.031Z,"1km N of Big Bear Lake, California",earthquake
1992-06-28T15:05:30.730Z,34.203,-116.827,3.634,6.3,ci3031425,2021-03-20T23:47:44.483Z,"7km SSE of Big Bear City, CA",earthquake
1992-06-28T14:43:21.850Z,34.162,-116.852,9.615,5.53,ci2057008,2020-07-09T21:16:06.046Z,"11km SSE of Big Bear Lake, California",earthquake
1992-06-28T12:40:53.570Z,34.3411667,-116.5106667,4.388,5.41,ci2056980,2016-04-02T05:35:46.705Z,"26km NNW of Yucca Valley, CA",earthquake
1992-06-28T12:36:40.770Z,34.115,-116.4263333,7.502,5.49,ci2056979,2016-04-02T08:46:00.545Z,"0km E of Yucca Valley, CA",earthquake
1992-06-28T12:02:31.080Z,34.1031667,-116.4246667,5.586,5,ci12178455,2016-02-10T18:01:58.992Z,"1km SSE of Yucca Valley, California",earthquake
1992-06-28T12:02:16.960Z,34.0605,-116.4726667,5.378,5,ci12178451,2016-02-10T03:55:02.486Z,"7km SSW of Yucca Valley, California",earthquake
1992-06-28T12:01:16.190Z,34.12,-116.323,5.706,5.7,ci3043630,2020-07-09T21:19:16.170Z,"2km SSW of Joshua Tree, California",earthquake
1992-06-28T12:00:45.000Z,34.131,-116.408,-1.1,5.77,ci3043549,2020-07-09T21:19:03.350Z,"3km NE of Yucca Valley, California",earthquake
1992-06-28T11:57:34.130Z,34.2,-116.437,-0.097,7.3,ci3031111,2021-03-20T23:47:00.956Z,"Landers, California Earthquake",earthquake
1992-04-26T11:18:25.980Z,40.3828333,-124.555,21.713,6.57,nc268078,2020-07-07T22:34:30.081Z,offshore Northern California,earthquake
1992-04-26T07:41:40.090Z,40.4325,-124.566,18.824,6.45,nc268031,2020-07-07T22:34:12.881Z,offshore Northern California,earthquake
1992-04-25T18:06:05.180Z,40.3353333,-124.2286667,9.856,7.2,nc269151,2021-04-26T19:23:47.559Z,"20km SSW of Rio Dell, California",earthquake
1992-04-23T04:50:23.230Z,33.96,-116.317,11.629,6.1,ci3019681,2021-01-07T23:39:01.254Z,"17km NNE of Thousand Palms, California",earthquake
1992-03-26T16:30:00.580Z,37.2723333,-116.3598333,0.01,5.12,ci2045731,2016-04-02T08:38:56.423Z,"53km NE of Beatty, NV",nuclear explosion
1992-03-08T03:43:04.050Z,40.2326667,-124.2625,9.48,5.32,nc255182,2020-07-10T14:21:07.121Z,Northern California,earthquake
1991-09-17T21:10:29.020Z,35.8103333,-121.3348333,9.184,5.2,nc231726,2020-07-10T14:20:55.015Z,Central California,earthquake
1991-08-17T19:29:40.000Z,40.2516667,-124.2858333,8.32,6,nc228027,2021-01-07T22:06:00.870Z,Northern California,earthquake
1991-06-28T14:43:54.660Z,34.27,-117.993,8.049,5.8,ci2021449,2020-07-07T22:08:03.408Z,"13km NNE of Sierra Madre, CA",earthquake
1991-04-16T15:30:00.690Z,37.2453333,-116.4416667,0.01,5.06,ci2016705,2016-04-02T12:05:23.214Z,"46km NE of Beatty, NV",nuclear explosion
1991-04-04T19:00:00.780Z,37.2961667,-116.3128333,0.01,5.13,ci2015859,2016-04-01T23:08:58.232Z,"58km NE of Beatty, NV",nuclear explosion
1990-11-14T19:17:00.670Z,37.2273333,-116.3711667,0.01,5.02,ci2007484,2016-04-01T23:15:52.136Z,"49km NE of Beatty, NV",nuclear explosion
1990-10-24T06:15:19.950Z,38.0618333,-119.1191667,10.903,5.8,nc20092556,2020-07-10T14:20:09.880Z,Central California,earthquake
1990-06-13T16:00:00.700Z,37.2616667,-116.4201667,0.01,5.08,ci2000285,2016-04-02T02:32:53.068Z,"49km NE of Beatty, NV",nuclear explosion
1990-04-18T15:46:03.450Z,36.9588333,-121.6845,6.641,5.1,nc20091155,2016-12-17T05:06:53.470Z,Northern California,earthquake
1990-04-18T13:53:51.300Z,36.9323333,-121.6568333,5.488,5.4,nc20091154,2016-12-17T05:03:49.270Z,Northern California,earthquake
1990-02-28T23:43:36.750Z,34.144,-117.697,3.292,5.51,ci1053635,2020-07-07T22:02:22.752Z,"6km NNE of Claremont, CA",earthquake
1990-01-16T20:08:20.460Z,40.2425,-124.2975,3.759,5.4,nc10090568,2020-04-16T19:25:02.411Z,Northern California,earthquake
1989-10-31T15:30:00.820Z,37.2631667,-116.4906667,0.01,5.08,ci1044963,2016-04-02T18:30:19.105Z,"46km NNE of Beatty, NV",nuclear explosion
1989-10-18T00:41:23.770Z,37.1901667,-122.052,15.306,5.1,nc10090725,2018-06-04T20:43:45.000Z,Northern California,earthquake
1989-10-18T00:04:15.190Z,37.0361667,-121.8798333,17.214,6.9,nc216859,2021-05-19T04:36:40.847Z,"Loma Prieta, California Earthquake",earthquake
1989-08-08T08:13:27.390Z,37.1481667,-121.9268333,13.409,5.4,nc10089897,2020-07-10T14:12:16.838Z,Northern California,earthquake
1989-06-22T21:15:00.700Z,37.2828333,-116.4123333,0.01,5.03,ci1032978,2016-04-02T08:57:09.106Z,"51km NE of Beatty, NV",nuclear explosion
1988-12-16T05:53:04.100Z,33.979,-116.681,6.894,5.03,ci651401,2018-06-04T20:43:45.000Z,"12km SW of Morongo Valley, CA",earthquake
1988-12-03T11:38:26.450Z,34.151,-118.13,13.719,5.02,ci650799,2020-07-09T21:46:02.503Z,"1km SSE of Pasadena, CA",earthquake
1988-10-13T14:00:00.200Z,37.089,-116.0493333,0.01,5.34,ci1011122,2016-04-02T18:30:37.298Z,"66km ENE of Beatty, NV",nuclear explosion
1988-08-17T17:00:00.680Z,37.2971667,-116.3065,0.01,5.17,ci1007657,2016-02-04T05:34:57.020Z,"59km NE of Beatty, NV",nuclear explosion
1988-07-07T15:05:30.520Z,37.2523333,-116.3766667,0.01,5.23,ci642635,2016-04-02T02:33:56.621Z,"51km NE of Beatty, NV",nuclear explosion
1988-06-27T18:43:22.330Z,37.1283333,-121.895,12.634,5.3,nc10139668,2018-06-04T20:43:45.000Z,Northern California,earthquake
1988-06-13T01:45:36.530Z,37.3926667,-121.7415,9.087,5.3,nc10087352,2018-06-04T20:43:45.000Z,"San Francisco Bay area, California",earthquake
1988-06-10T23:06:43.050Z,34.943,-118.743,5.898,5.37,ci640798,2020-07-09T21:45:47.414Z,"16km NE of Lebec, CA",earthquake
1988-06-02T13:00:00.670Z,37.2601667,-116.4411667,0.01,5.03,ci136722,2016-04-02T05:47:28.739Z,"48km NE of Beatty, NV",nuclear explosion
1988-02-20T08:39:57.260Z,36.7958333,-121.3111667,9.181,5.1,nc10086194,2018-06-04T20:43:45.000Z,Central California,earthquake
1988-02-15T18:10:00.740Z,37.3143333,-116.4715,0.01,5.11,ci743326,2016-04-02T08:57:01.001Z,"52km NNE of Beatty, NV",nuclear explosion
1987-11-24T13:15:56.710Z,33.015,-115.852,11.181,6.6,ci628016,2020-08-14T06:25:06.618Z,"22km W of Westmorland, CA",earthquake
1987-11-24T01:54:14.660Z,33.09,-115.792,10.853,6.2,ci134894,2021-01-05T00:08:56.675Z,"17km WNW of Westmorland, CA",earthquake
1987-10-04T10:59:38.190Z,34.074,-118.098,7.719,5.25,ci732031,2020-07-07T22:16:31.486Z,"2km WSW of Rosemead, CA",earthquake
1987-10-01T14:42:20.020Z,34.061,-118.079,14.6,5.9,ci731691,2020-10-12T16:11:05.316Z,"2km SSW of Rosemead, CA",earthquake
1987-09-24T15:00:00.590Z,37.228,-116.3746667,0.01,5.27,ci623966,2016-04-02T08:57:59.754Z,"49km NE of Beatty, NV",nuclear explosion
1987-08-13T13:59:59.270Z,37.061,-116.0453333,0.01,5.35,ci620804,2016-04-01T23:18:10.413Z,"65km ENE of Beatty, NV",nuclear explosion
1987-07-31T23:56:57.830Z,40.4156667,-124.3826667,16.895,5.6,nc10083966,2020-07-10T14:11:40.363Z,Northern California,earthquake
1987-04-18T13:40:00.710Z,37.2478333,-116.5091667,0.01,5.08,ci720842,2016-04-02T02:33:42.921Z,"44km NNE of Beatty, NV",nuclear explosion
1987-02-14T07:26:50.290Z,36.1723333,-120.3405,15.271,5.3,nc10089611,2020-07-10T14:12:04.958Z,Central California,earthquake
1987-02-07T03:45:14.850Z,32.388,-115.305,5.993,5.38,ci716756,2020-07-07T22:15:59.571Z,"11km WNW of Delta, B.C., MX",earthquake
1986-11-21T23:34:18.970Z,40.359,-124.3978333,15.305,5.1,nc88509,2018-06-04T20:43:45.000Z,offshore Northern California,earthquake
1986-11-21T23:33:01.700Z,40.3605,-124.4061667,15.295,5.1,nc88508,2018-06-04T20:43:45.000Z,offshore Northern California,earthquake
1986-11-14T16:00:00.240Z,37.1003333,-116.0481667,0.01,5.2,ci610724,2016-04-02T05:49:07.823Z,"66km ENE of Beatty, NV",nuclear explosion
1986-09-30T22:30:00.710Z,37.3001667,-116.3073333,0.01,5.14,ci710086,2016-04-01T23:19:10.951Z,"59km NE of Beatty, NV",nuclear explosion
1986-08-01T14:28:18.150Z,37.5103333,-118.399,7.964,5.1,nc85660,2018-06-04T20:43:45.000Z,Central California,earthquake
1986-07-31T07:22:39.770Z,37.4731667,-118.3686667,5.754,5.8,nc78895,2020-07-07T22:37:41.917Z,Central California,earthquake
1986-07-22T13:48:59.150Z,37.5258333,-118.4715,10.653,5,nc92934,2018-06-04T20:43:45.000Z,Central California,earthquake
1986-07-21T22:07:15.640Z,37.6213333,-118.3425,-0.076,5.6,nc95459,2020-07-10T14:25:43.047Z,Central California,earthquake
1986-07-21T14:51:09.370Z,37.4931667,-118.4538333,8.482,5.7,nc10085764,2020-07-07T22:29:38.484Z,Central California,earthquake
1986-07-21T14:42:26.000Z,37.538,-118.4428333,8.804,6.4,nc10085763,2021-02-18T19:02:52.217Z,Central California,earthquake
1986-07-20T14:29:45.440Z,37.5666667,-118.4381667,5.044,5.9,nc99451,2021-05-25T01:06:27.292Z,Central California,earthquake
1986-07-17T21:00:00.790Z,37.2786667,-116.3556667,0.01,5.22,ci702987,2016-04-02T18:32:27.191Z,"54km NE of Beatty, NV",nuclear explosion
1986-07-13T13:47:08.210Z,32.971,-117.874,5.828,5.45,ci127298,2020-08-25T22:12:09.440Z,"47km ENE of San Clemente Is. (SE tip), CA",earthquake
1986-07-08T09:20:44.560Z,33.999,-116.608,9.468,6,ci700917,2021-01-05T01:49:32.218Z,"6km SSW of Morongo Valley, CA",earthquake
1986-06-25T20:27:44.940Z,37.2646667,-116.33,0.01,5.11,ci700370,2016-02-04T01:25:04.400Z,"55km NE of Beatty, NV",nuclear explosion
1986-03-31T11:55:39.810Z,37.4791667,-121.6866667,8.502,5.7,nc68932,2020-07-07T22:36:23.052Z,Northern California,earthquake
1986-01-26T19:20:50.950Z,36.8043333,-121.285,8.153,5.5,nc64626,2021-02-18T19:02:30.599Z,Central California,earthquake
1985-12-05T15:00:00.190Z,37.0533333,-116.0453333,0.01,5.16,ci110106,2016-04-02T09:01:23.095Z,"65km ENE of Beatty, NV",nuclear explosion
1985-08-04T12:01:55.870Z,36.143,-120.1563333,15.89,5.6,nc52348,2020-07-10T14:23:40.229Z,Central California,earthquake
1985-07-25T14:00:00.660Z,37.2971667,-116.4381667,0.01,5.08,ci69047,2016-04-02T05:49:41.249Z,"51km NNE of Beatty, NV",nuclear explosion
1985-06-12T15:15:00.480Z,37.2478333,-116.489,0.01,5.05,ci65963,2016-04-02T12:15:07.977Z,"44km NNE of Beatty, NV",nuclear explosion
1985-05-02T15:20:00.550Z,37.2533333,-116.3251667,0.01,5.06,ci65454,2016-04-02T18:32:34.648Z,"54km NE of Beatty, NV",nuclear explosion
1985-04-02T20:00:00.110Z,37.0948333,-116.0323333,0.01,5.26,ci61918,2016-04-02T08:59:28.528Z,"67km ENE of Beatty, NV",nuclear explosion
1985-03-25T16:05:12.750Z,37.4525,-118.6116667,5.757,5.1,nc44669,2018-06-04T20:43:45.000Z,Central California,earthquake
1985-01-24T11:27:20.990Z,38.1565,-118.8155,10.093,5.2,nc38526,2018-06-04T20:43:45.000Z,Central California,earthquake
1984-11-26T16:21:40.810Z,37.4473333,-118.6476667,5.955,5.6,nc39753,2021-02-18T19:01:44.263Z,Central California,earthquake
1984-11-23T19:12:34.680Z,37.4321667,-118.6071667,10.516,5.5,nc32650,2020-07-10T14:22:27.719Z,Central California,earthquake
1984-11-23T18:08:25.360Z,37.4596667,-118.6071667,8.096,6.1,nc32321,2020-12-31T23:23:02.792Z,Central California,earthquake
1984-05-31T13:03:59.540Z,37.1271667,-115.9726667,0.01,5.38,ci41181,2016-04-01T23:20:39.265Z,"74km ENE of Beatty, NV",nuclear explosion
1984-04-24T21:15:18.760Z,37.3096667,-121.6788333,8.193,6.2,nc17204,2021-01-07T22:47:41.408Z,Northern California,earthquake
1984-03-01T17:45:00.120Z,37.0658333,-116.0463333,0.01,5.21,ci33291,2016-02-02T20:12:59.080Z,"65km ENE of Beatty, NV",nuclear explosion
1984-01-23T05:40:19.610Z,36.3766667,-121.8956667,6.634,5.1,nc1110293,2018-06-04T20:43:45.000Z,Central California,earthquake
1983-09-09T09:16:13.510Z,36.2198333,-120.2796667,6.887,5.47,nc1102223,2018-06-04T20:43:45.000Z,Central California,earthquake
1983-08-29T10:10:30.830Z,35.83,-121.3555,9.638,5.2,nc1101424,2018-06-04T20:43:45.000Z,Central California,earthquake
1983-07-25T22:31:39.480Z,36.2245,-120.4023333,8.215,5.04,nc1099288,2020-07-10T14:19:58.158Z,Central California,earthquake
1983-07-22T02:39:53.960Z,36.2356667,-120.4138333,7.265,5.37,nc1098982,2020-07-07T22:32:03.675Z,Central California,earthquake
1983-07-03T18:40:07.630Z,37.557,-118.8458333,8.706,5.3,nc1098008,2018-06-04T20:43:45.000Z,Central California,earthquake
1983-05-09T02:49:11.540Z,36.2463333,-120.3008333,12.916,5.2,nc1093715,2020-07-10T14:19:33.449Z,Central California,earthquake
1983-05-02T23:46:06.000Z,36.23,-120.29,8,5.5,usp0001uxb,2021-03-09T23:55:28.978Z,Central California,earthquake
1983-05-02T23:42:38.060Z,36.2316667,-120.312,9.578,6.7,nc1091100,2020-09-22T15:32:55.091Z,Central California,earthquake
1983-04-14T19:05:00.350Z,37.0728333,-116.046,0.01,5.22,ci1104973,2016-02-02T20:10:21.200Z,"66km ENE of Beatty, NV",nuclear explosion
1983-01-07T03:24:18.970Z,37.6286667,-118.935,3.681,5.3,nc1084069,2021-02-18T19:00:37.578Z,"Long Valley area, California",earthquake
1983-01-07T01:38:10.040Z,37.6215,-118.9018333,4.706,5.4,nc1084017,2020-07-10T14:19:11.862Z,"Long Valley area, California",earthquake
1982-10-25T22:26:03.600Z,36.3198333,-120.5061667,11.37,5.4,nc1080773,2020-07-10T14:18:47.355Z,Central California,earthquake
1982-10-01T14:29:01.700Z,35.743,-117.756,2.995,5.12,ci508442,2020-07-09T21:44:51.383Z,"12km NNE of Inyokern, CA",earthquake
1982-09-24T07:40:24.770Z,37.859,-118.149,4.165,5.17,ci508150,2018-06-04T20:43:45.000Z,"58km NNE of Dixon Lane-Meadow Creek, CA",earthquake
1982-08-05T13:59:58.100Z,37.105,-115.93,0,5.31,ci506185,2016-02-02T21:07:54.080Z,"74km WSW of Alamo, NV",nuclear explosion
1982-06-24T14:15:00.550Z,37.2361667,-116.3701667,0.2,5.02,ci504467,2016-04-01T23:47:59.529Z,"50km NE of Beatty, NV",nuclear explosion
1982-05-07T18:17:00.460Z,37.0691667,-116.0455,0.6,5.15,ci530259,2016-04-02T12:40:41.370Z,"65km ENE of Beatty, NV",nuclear explosion
1982-02-12T14:55:00.080Z,37.224,-116.463,0,5.4,usp0001jky,2015-06-16T15:41:08.176Z,Nevada,nuclear explosion
1982-01-28T16:00:00.260Z,37.0913333,-116.0511667,0.6,5.06,ci150237,2016-04-02T16:42:48.000Z,"66km ENE of Beatty, NV",nuclear explosion
1981-11-12T15:00:00.180Z,37.1081667,-116.049,0.5,5.08,ci526897,2016-04-02T06:23:02.288Z,"66km ENE of Beatty, NV",nuclear explosion
1981-09-30T11:53:26.190Z,37.5838333,-118.8645,3.126,5.9,nc1068066,2021-02-18T19:00:24.632Z,Central California,earthquake
1981-09-04T15:50:48.700Z,33.5575,-119.1195,5.549,5.45,ci522177,2020-07-09T21:45:04.296Z,"11km NNW of Santa Barbara Is., CA",earthquake
1981-06-06T18:00:00.640Z,37.3033333,-116.3256667,0.6,5.13,ci517243,2016-04-02T09:36:10.483Z,"58km NE of Beatty, NV",nuclear explosion
1981-04-26T12:09:28.290Z,33.0955,-115.6245,18.904,5.75,ci514869,2020-07-07T22:14:51.719Z,"6km N of Westmorland, CA",earthquake
1981-01-15T20:25:00.420Z,37.0871667,-116.0446667,0.6,5.26,ci12250539,2016-02-02T22:45:05.320Z,"66km ENE of Beatty, NV",nuclear explosion
1980-11-28T18:21:13.040Z,39.2515,-120.4538333,5.921,5.1,nc1057587,2020-07-10T14:18:12.171Z,Northern California,earthquake
1980-11-08T10:27:34.000Z,41.117,-124.253,19,7.2,usp0001aq1,2020-07-07T23:30:38.367Z,offshore Northern California,earthquake
1980-09-07T06:48:34.800Z,37.987,-118.5503333,6,5.07,ci3303564,2018-06-04T20:43:45.000Z,"54km NE of Mammoth Lakes, CA",earthquake
1980-09-07T04:36:38.250Z,38.1383333,-118.3913333,6,5.52,ci9735242,2018-06-04T20:43:45.000Z,"48km SSE of Hawthorne, NV",earthquake
1980-09-07T01:30:42.650Z,38.1468333,-118.4671667,6,5.01,ci3303554,2018-06-04T20:43:45.000Z,"44km SSE of Hawthorne, NV",earthquake
1980-08-01T16:38:55.880Z,37.5621667,-118.8731667,4.532,5.4,nc1054751,2018-06-04T20:43:45.000Z,Central California,earthquake
1980-07-25T19:05:00.570Z,37.2563333,-116.4773333,0.7,5.42,ci12343695,2016-02-03T00:16:28.180Z,"46km NNE of Beatty, NV",nuclear explosion
1980-06-29T07:46:13.240Z,38.0131667,-118.6633333,7.298,5,nc1054082,2020-07-10T14:18:01.443Z,Central California,earthquake
1980-06-12T17:15:01.390Z,37.2816667,-116.4538333,6,5.28,ci12334939,2016-04-01T21:51:42.934Z,"49km NNE of Beatty, NV",nuclear explosion
1980-06-09T03:28:19.140Z,32.1998333,-115.1221667,6,6.3,ci9730174,2020-07-07T22:17:19.065Z,"5km SE of Alberto Oviedo Mota, B.C., MX",earthquake
1980-05-27T14:50:56.810Z,37.5033333,-118.8055,13.795,6.2,nc1053177,2021-01-07T22:53:10.802Z,Central California,earthquake
1980-05-26T18:57:55.590Z,37.5206667,-118.8761667,2.063,5.7,nc1053105,2020-07-10T14:17:50.727Z,Central California,earthquake
1980-05-26T12:24:24.970Z,37.5686667,-118.8671667,7.156,5.1,nc1053083,2018-06-04T20:43:45.000Z,Central California,earthquake
1980-05-25T20:59:22.370Z,37.6018333,-118.8198333,14.359,5,nc1053059,2018-06-04T20:43:45.000Z,"Long Valley area, California",earthquake
1980-05-25T20:35:47.930Z,37.6186667,-118.8348333,4.833,5.7,nc1053058,2020-07-10T14:17:39.699Z,"Long Valley area, California",earthquake
1980-05-25T19:44:50.910Z,37.5538333,-118.807,11.856,6.1,nc1053054,2021-01-07T22:57:35.023Z,Central California,earthquake
1980-05-25T16:49:27.160Z,37.6768333,-118.8996667,6.686,6,nc1053045,2021-01-07T22:59:05.985Z,"Long Valley area, California",earthquake
1980-05-25T16:33:44.000Z,37.5903333,-118.831,6.806,6.1,nc1053043,2021-01-07T23:00:38.080Z,Central California,earthquake
1980-04-26T17:00:00.550Z,37.2483333,-116.4223333,0.6,5.05,ci3357408,2016-04-01T21:53:25.182Z,"48km NE of Beatty, NV",nuclear explosion
1980-04-16T20:00:00.210Z,37.1011667,-116.0305,0.6,5.13,ci3357191,2016-04-02T14:05:59.234Z,"68km ENE of Beatty, NV",nuclear explosion
1980-02-25T10:47:38.410Z,33.4753333,-116.4996667,19.41,5.34,ci3326333,2020-07-07T22:11:22.489Z,"18km ESE of Anza, CA",earthquake
1980-01-27T02:33:35.340Z,37.749,-121.7063333,14.166,5.4,nc1050437,2020-07-07T22:30:06.485Z,"San Francisco Bay area, California",earthquake
1980-01-24T19:01:01.540Z,37.811,-121.775,6.523,5.1,nc1050041,2018-06-04T20:43:45.000Z,"San Francisco Bay area, California",earthquake
1980-01-24T19:00:09.500Z,37.852,-121.815,11,5.8,usp000155j,2020-08-14T05:01:16.726Z,"San Francisco Bay area, California",earthquake
1979-10-16T06:58:43.450Z,32.9986667,-115.5575,14.19,5.8,ci3310205,2020-07-09T21:26:40.787Z,"3km NW of Brawley, CA",earthquake
1979-10-16T06:19:49.490Z,32.9478333,-115.5478333,10,5.04,ci3352194,2018-06-04T20:43:45.000Z,"4km SSW of Brawley, CA",earthquake
1979-10-16T05:49:10.830Z,32.9536667,-115.5595,10,5.06,ci3352186,2018-06-04T20:43:45.000Z,"4km SW of Brawley, CA",earthquake
1979-10-15T23:19:29.980Z,32.766,-115.441,9.25,5.2,ci9712718,2018-06-04T20:43:45.000Z,"8km SW of Holtville, CA",earthquake
1979-10-15T23:16:53.910Z,32.6673333,-115.3591667,15,6.4,ci3352060,2021-01-07T23:34:42.357Z,"10km E of Mexicali, B.C., MX",earthquake
1979-10-07T20:54:40.750Z,38.2481667,-119.3256667,3.053,5,nc1048177,2018-06-04T20:43:45.000Z,Central California,earthquake
1979-09-26T15:00:00.520Z,37.2291667,-116.364,0.6,5.13,ci3351707,2016-04-02T10:43:36.068Z,"50km NE of Beatty, NV",nuclear explosion
1979-09-06T15:00:00.250Z,37.0881667,-116.0528333,0.6,5.32,ci3351340,2016-04-02T17:03:15.638Z,"65km ENE of Beatty, NV",nuclear explosion
1979-08-06T17:05:22.930Z,37.1038333,-121.5123333,8.315,5.8,nc1046962,2020-08-14T05:00:09.032Z,Northern California,earthquake
1979-06-11T13:59:59.880Z,37.3205,-116.336,0.7,5.28,ci12246827,2016-02-01T23:08:45.420Z,"59km NE of Beatty, NV",nuclear explosion
1979-03-15T21:07:16.780Z,34.3258333,-116.416,9.27,5.23,ci3346646,2020-07-09T21:35:07.747Z,"23km NNW of Joshua Tree, CA",earthquake
1979-02-22T15:57:28.600Z,39.9861667,-120.1126667,7.08,5.3,nc1044768,2020-07-10T14:16:30.774Z,Northern California,earthquake
1979-02-08T20:00:00.230Z,37.1025,-116.0548333,0.6,5.2,ci3345991,2016-04-02T07:22:56.148Z,"66km ENE of Beatty, NV",nuclear explosion
1979-02-03T09:58:16.990Z,40.874,-124.3248333,23.592,5.2,nc1044459,2020-07-10T14:16:18.281Z,offshore Northern California,earthquake
1979-01-01T23:14:38.620Z,33.9165,-118.6871667,13.3,5.21,ci12228815,2020-07-09T21:11:34.437Z,"13km S of Malibu Beach, CA",earthquake
1978-12-16T15:30:00.480Z,37.2733333,-116.4103333,0.7,5.02,ci3314224,2016-02-01T21:54:48.090Z,"51km NE of Beatty, NV",nuclear explosion
1978-10-04T17:39:02.460Z,37.5528333,-118.6553333,15.629,5.1,nc1042593,2018-06-04T20:43:45.000Z,Central California,earthquake
1978-10-04T16:42:47.750Z,37.5188333,-118.7038333,3.078,5.18,nc1042591,2020-07-10T14:15:55.230Z,Central California,earthquake
1978-09-27T17:20:00.160Z,37.0738333,-116.0198333,0.6,5.31,ci3342587,2016-02-01T22:45:07.130Z,"68km ENE of Beatty, NV",nuclear explosion
1978-08-31T14:00:00.650Z,37.2758333,-116.3573333,0.7,5.29,ci3341497,2016-02-01T21:18:28.880Z,"54km NE of Beatty, NV",nuclear explosion
1978-08-13T22:54:52.910Z,34.3136667,-119.706,18,5.08,ci10012262,2020-08-14T04:59:02.894Z,"12km S of Santa Barbara, CA",earthquake
1978-07-12T17:00:00.210Z,37.0786667,-116.0438333,0.6,5.18,ci3340675,2016-02-01T23:17:46.560Z,"66km ENE of Beatty, NV",nuclear explosion
1978-05-05T21:03:15.770Z,32.2641667,-115.3096667,10,5.03,ci3339262,2020-07-09T21:34:15.243Z,"14km WNW of Alberto Oviedo Mota, B.C., MX",earthquake
1978-04-11T17:45:00.550Z,37.2335,-116.3685,0.7,5.11,ci3338750,2016-02-01T21:15:01.470Z,"50km NE of Beatty, NV",nuclear explosion
1978-04-11T15:30:00.880Z,37.2996667,-116.3266667,0.6,5.2,ci3338749,2016-04-02T10:39:11.480Z,"58km NE of Beatty, NV",nuclear explosion
1978-03-23T16:30:00.240Z,37.1018333,-116.0511667,0.6,5.17,ci3338296,2016-02-01T22:06:11.940Z,"66km ENE of Beatty, NV",nuclear explosion
1978-02-23T17:00:00.320Z,37.1236667,-116.0638333,0.7,5.17,ci3337568,2016-04-02T20:11:47.812Z,"66km ENE of Beatty, NV",nuclear explosion
1977-12-14T15:30:00.340Z,37.1358333,-116.086,0.7,5.29,ci3336913,2016-02-01T20:01:27.400Z,"64km ENE of Beatty, NV",nuclear explosion
1977-11-09T22:00:00.120Z,37.0721667,-116.05,0.7,5.34,ci3335955,2016-02-01T19:38:10.440Z,"65km ENE of Beatty, NV",nuclear explosion
1977-08-19T17:55:00.130Z,37.11,-116.0545,0.7,5.34,ci3334372,2016-02-01T19:36:49.120Z,"66km ENE of Beatty, NV",nuclear explosion
1977-05-25T17:00:00.050Z,37.0943333,-116.0448333,0.6,5.02,ci10080126,2016-02-01T19:51:11.740Z,"66km ENE of Beatty, NV",nuclear explosion
1977-04-27T15:00:00.180Z,37.0948333,-116.0278333,0.6,5.05,ci3333220,2016-02-01T19:35:57.050Z,"68km ENE of Beatty, NV",nuclear explosion
1977-04-05T15:00:00.220Z,37.1201667,-116.0623333,0.7,5.13,ci10081202,2016-02-01T19:40:14.640Z,"66km ENE of Beatty, NV",nuclear explosion
1976-12-28T18:00:00.070Z,37.1005,-116.0365,0.01,5.13,ci12328591,2016-01-29T21:13:11.440Z,"67km ENE of Beatty, NV",nuclear explosion
1976-11-27T02:49:47.000Z,40.998,-120.447,5,5,usp0000kgp,2014-11-06T23:21:38.388Z,Northern California,earthquake
1976-11-04T10:41:37.790Z,33.115,-115.616,4.61,5.06,ci149237,2020-07-09T21:12:56.507Z,"9km N of Westmorland, CA",earthquake
1976-08-26T14:30:00.200Z,37.125,-116.082,0,5.3,usp0000j27,2015-06-16T17:21:17.747Z,Nevada,nuclear explosion
1976-03-17T14:45:00.180Z,37.1073333,-116.0525,0.8,5.39,ci3002391,2016-04-01T20:56:29.057Z,"66km ENE of Beatty, NV",nuclear explosion
1976-03-17T14:15:00.530Z,37.2558333,-116.3118333,0.9,5.52,ci3002390,2016-04-02T13:04:13.815Z,"55km NE of Beatty, NV",nuclear explosion
1976-03-14T12:30:00.700Z,37.306,-116.4715,1.3,5.84,ci3002345,2016-04-02T19:18:20.076Z,"51km NNE of Beatty, NV",nuclear explosion
1976-03-09T14:00:00.710Z,37.31,-116.3641667,0.9,5.45,ci3002296,2016-04-01T20:57:29.667Z,"56km NE of Beatty, NV",nuclear explosion
1976-02-14T11:30:00.670Z,37.2426667,-116.4201667,1.2,5.32,ci3002046,2016-04-02T06:37:35.196Z,"48km NE of Beatty, NV",nuclear explosion
1976-02-12T14:45:00.650Z,37.2713333,-116.4883333,1.2,5.81,ci3002022,2016-04-02T03:26:25.012Z,"47km NNE of Beatty, NV",nuclear explosion
1976-02-04T14:40:00.390Z,37.1066667,-116.0373333,0.7,5.14,ci3001966,2016-04-02T09:53:44.923Z,"67km ENE of Beatty, NV",nuclear explosion
1976-02-04T14:20:00.540Z,37.0691667,-116.0301667,0.6,5.11,ci3001965,2016-01-29T21:37:06.630Z,"67km ENE of Beatty, NV",nuclear explosion
1976-01-03T19:15:00.850Z,37.2965,-116.3331667,1.5,5.84,ci3001652,2016-01-29T21:37:06.080Z,"57km NE of Beatty, NV",nuclear explosion
1975-12-20T20:00:00.470Z,37.1276667,-116.0616667,0.7,5.18,ci3006661,2016-04-02T09:53:47.478Z,"66km ENE of Beatty, NV",nuclear explosion
1975-11-20T15:00:00.710Z,37.2248333,-116.3676667,0.8,5.44,ci3006424,2016-01-29T21:37:05.480Z,"49km NE of Beatty, NV",nuclear explosion
1975-10-28T14:30:00.430Z,37.2901667,-116.4115,1.3,5.67,ci3006257,2016-01-29T22:01:19.580Z,"52km NE of Beatty, NV",nuclear explosion
1975-08-02T20:58:56.010Z,39.4378333,-121.4848333,1.506,5.2,nc1025150,2020-07-10T14:12:58.538Z,Northern California,earthquake
1975-08-02T20:22:16.570Z,39.4493333,-121.4795,1.716,5.1,nc1025145,2018-06-04T20:43:45.000Z,Northern California,earthquake
1975-08-01T20:20:12.900Z,39.4321667,-121.5458333,4.97,5.7,nc71105799,2021-01-14T12:23:53.002Z,"0km WSW of Palermo, California",earthquake
1975-06-26T12:30:01.110Z,37.2788333,-116.3686667,6,5.52,ci12328563,2016-01-29T21:13:10.330Z,"54km NE of Beatty, NV",nuclear explosion
1975-06-19T13:00:00.720Z,37.3503333,-116.3201667,0.9,5.36,ci12328559,2016-01-29T21:20:55.190Z,"62km NE of Beatty, NV",nuclear explosion
1975-06-07T08:46:23.510Z,40.5415,-124.2763333,23.13,5.3,nc1024130,2020-07-10T14:12:45.073Z,Northern California,earthquake
1975-06-03T14:40:00.290Z,37.0948333,-116.0361667,0.6,5.29,ci12328555,2016-01-29T21:37:07.700Z,"67km ENE of Beatty, NV",nuclear explosion
1975-06-03T14:20:00.670Z,37.34,-116.5228333,0.7,5.37,ci12328551,2016-01-29T21:28:48.510Z,"52km NNE of Beatty, NV",nuclear explosion
1975-06-01T01:38:48.740Z,34.512,-116.488,0.11,5.28,ci3022138,2018-06-04T20:43:45.000Z,"38km SW of Ludlow, CA",earthquake
1975-05-14T14:00:00.000Z,37.2208,-116.4742,0.8,5.39,ci12328547,2016-01-29T21:45:24.680Z,"43km NE of Beatty, NV",nuclear explosion
1975-03-07T15:00:00.380Z,37.134,-116.0841667,0.6,5.09,ci12328535,2016-01-29T21:05:29.780Z,"64km ENE of Beatty, NV",nuclear explosion
1975-02-28T15:15:00.480Z,37.1061667,-116.0563333,0.7,5.21,ci3037970,2016-01-29T22:01:18.960Z,"66km ENE of Beatty, NV",nuclear explosion
1974-11-28T23:01:24.590Z,36.9201667,-121.4673333,5.336,5.2,nc1021949,2018-06-04T20:43:45.000Z,Central California,earthquake
1974-08-30T15:00:01.590Z,37.1525,-116.0833333,0.7,5.28,ci3319092,2016-01-29T01:37:38.690Z,"65km ENE of Beatty, NV",nuclear explosion
1974-07-10T16:00:00.400Z,37.0675,-116.0318333,0.6,5.08,ci3319121,2016-01-29T01:28:00.140Z,"67km ENE of Beatty, NV",nuclear explosion
1973-12-21T19:12:43.500Z,40.625,-124.597,30,5.2,usp00004m1,2020-07-10T19:58:59.718Z,offshore Northern California,earthquake
1973-08-09T02:18:25.800Z,40.26,-124.233,2,5.1,usp000031j,2020-07-10T19:44:51.642Z,Northern California,earthquake
1973-08-06T23:29:16.660Z,33.9568333,-119.4748333,16.92,5.14,ci3319386,2020-07-09T21:29:24.418Z,"9km SSE of Santa Cruz Is. (E end), CA",earthquake
1973-06-06T13:00:00.520Z,37.245,-116.346,1.1,5.64,ci3319623,2016-01-29T01:16:47.530Z,"52km NE of Beatty, NV",nuclear explosion
1973-02-21T14:45:56.140Z,33.979,-119.0501667,10,5.3,ci3320341,2020-07-07T22:11:06.890Z,"22km W of Malibu, CA",earthquake
1972-09-21T15:30:00.480Z,37.082,-116.0383333,0.6,5.1,ci3321071,2016-01-29T01:45:24.060Z,"66km ENE of Beatty, NV",nuclear explosion
1972-02-27T22:13:08.600Z,36.553,-121.093,8,5.22,ushis3186,2018-06-04T20:43:45.000Z,Central California,earthquake
1971-09-30T22:46:10.870Z,32.9826667,-115.8038333,6,5.02,ci3321788,2018-06-04T20:43:45.000Z,"18km WSW of Westmorland, CA",earthquake
1971-07-08T14:00:01.860Z,37.1101667,-116.0513333,0.5,5.01,ci3322744,2016-01-29T01:15:14.460Z,"66km ENE of Beatty, NV",nuclear explosion
1971-02-09T14:10:29.040Z,34.416,-118.37,6,5.3,ci3360199,2018-06-04T20:43:45.000Z,"10km SSW of Agua Dulce, CA",earthquake
1971-02-09T14:02:45.740Z,34.416,-118.37,6,5.8,ci3360245,2021-02-18T18:59:12.977Z,"10km SSW of Agua Dulce, CA",earthquake
1971-02-09T14:01:12.450Z,34.416,-118.37,6,5.8,ci3360255,2020-07-09T21:38:09.519Z,"10km SSW of Agua Dulce, CA",earthquake
1971-02-09T14:00:41.920Z,34.416,-118.37,8.95,6.6,ci3347678,2021-05-10T01:23:01.014Z,"10km SSW of Agua Dulce, CA",earthquake
1970-12-17T16:04:59.260Z,37.1428333,-116.034,0.01,5.19,ci3323536,2016-01-29T01:14:35.340Z,"69km ENE of Beatty, NV",nuclear explosion
1970-09-12T14:30:53.000Z,34.2548333,-117.5343333,10.75,5.22,ci3323898,2020-04-16T21:06:10.635Z,"3km W of Lytle Creek, CA",earthquake
1970-03-26T19:00:00.780Z,37.3005,-116.5341667,1.2,5.54,ci3325031,2016-01-29T01:43:28.890Z,"48km NNE of Beatty, NV",nuclear explosion
1970-03-23T23:05:00.480Z,37.0861667,-116.0211667,0.6,5,ci3324823,2016-01-29T01:29:07.480Z,"68km ENE of Beatty, NV",nuclear explosion
1970-02-04T17:00:00.160Z,37.0981667,-116.0265,0.6,5.1,ci3324933,2016-01-29T01:08:54.620Z,"68km ENE of Beatty, NV",nuclear explosion
1969-11-05T17:54:12.000Z,34.589,-121.428,10,6,iscgem801913,2018-06-04T20:43:45.000Z,offshore Central California,earthquake
1969-10-29T22:01:52.460Z,37.1433333,-116.0638333,0.6,5.09,ci3326167,2016-01-28T19:38:41.690Z,"67km ENE of Beatty, NV",nuclear explosion
1969-10-22T22:51:33.000Z,34.609,-121.492,10,5.8,iscgem803657,2018-06-04T20:43:45.000Z,offshore Central California,earthquake
1969-10-02T06:19:58.900Z,38.455,-122.692,10,5.1,ushis3059,2020-04-16T21:09:07.569Z,Northern California,earthquake
1969-09-16T14:30:01.290Z,37.3141667,-116.4606667,1.2,5.82,ci3326197,2016-01-28T19:34:29.540Z,"52km NNE of Beatty, NV",nuclear explosion
1969-07-16T14:54:52.590Z,37.6448333,-115.54,0.5,5.31,ci3327279,2016-01-28T19:51:33.510Z,"45km NW of Alamo, NV",nuclear explosion
1969-05-07T13:45:01.210Z,37.2828333,-116.5006667,0.6,5.03,ci3327353,2016-01-28T19:55:43.590Z,"47km NNE of Beatty, NV",nuclear explosion
1969-04-28T23:20:45.130Z,33.2591667,-116.361,6,5.46,ci3327613,2018-06-04T20:43:45.000Z,"1km ENE of Borrego Springs, CA",earthquake
1969-02-07T21:25:49.100Z,40.343,-124.365,13,5.2,ushis3033,2018-06-04T20:43:45.000Z,offshore Northern California,earthquake
1968-12-19T16:30:01.060Z,37.2315,-116.4736667,1.4,5.52,ci3342181,2016-01-28T19:42:24.150Z,"44km NE of Beatty, NV",nuclear explosion
1968-08-29T22:45:01.380Z,37.2503333,-116.3468333,0.7,5.08,ci3328287,2016-01-28T19:38:04.600Z,"52km NE of Beatty, NV",nuclear explosion
1968-07-06T14:02:40.000Z,41.1,-117.4,,5.1,ushis3019,2020-04-16T21:12:45.490Z,Nevada,earthquake
1968-07-05T00:45:17.260Z,34.1385,-119.7228333,0.18,5.05,ci3328690,2018-06-04T20:43:45.000Z,"20km ENE of Santa Cruz Is. (NW end), CA",earthquake
1968-06-26T10:47:45.000Z,40.2,-124.3,10,5.1,ushis3015,2018-06-04T20:43:45.000Z,offshore Northern California,earthquake
1968-06-03T13:27:40.300Z,42.2,-119.8,20,5,ushis3009,2018-06-04T20:43:45.000Z,Oregon,earthquake
1968-05-30T00:36:00.200Z,42.3,-119.8,24,5.1,ushis3007,2018-06-04T20:43:45.000Z,Oregon,earthquake
1968-05-22T13:21:56.300Z,38.6,-116.2,13,5.1,ushis3004,2018-06-04T20:43:45.000Z,Nevada,earthquake
1968-04-29T00:21:39.400Z,39.54,-122.023,23,5,ushis3000,2018-06-04T20:43:45.000Z,Northern California,earthquake
1968-04-26T15:00:01.590Z,37.2953333,-116.4556667,1.2,5.63,ci3342128,2016-01-28T19:50:35.290Z,"50km NNE of Beatty, NV",nuclear explosion
1968-04-09T03:03:51.090Z,32.8746667,-116.1501667,6,5.2,ci10084422,2018-06-04T20:43:45.000Z,"21km NW of Ocotillo, CA",earthquake
1968-04-09T02:28:59.610Z,33.1798333,-116.103,10,6.6,ci3329122,2021-01-07T23:37:11.911Z,"5km NNE of Ocotillo Wells, CA",earthquake
1968-02-06T00:41:38.660Z,37.9835,-118.1796667,6,5,ci3357949,2018-06-04T20:43:45.000Z,"70km NNE of Dixon Lane-Meadow Creek, CA",earthquake
1967-10-18T14:30:01.580Z,37.1156667,-116.0576667,0.7,5.21,ci3342076,2016-01-28T19:37:30.550Z,"66km ENE of Beatty, NV",nuclear explosion
1966-12-20T15:30:01.310Z,37.3021667,-116.4083333,1.2,5.62,ci3329931,2016-01-28T19:45:36.690Z,"53km NE of Beatty, NV",nuclear explosion
1966-09-22T18:57:37.500Z,37.4,-114.2,33,5.3,ushis2928,2018-06-04T20:43:45.000Z,Nevada,earthquake
1966-09-12T16:41:03.400Z,39.438,-120.16,10,5.91,ushis2923,2020-07-10T01:50:13.206Z,Northern California,earthquake
1966-08-18T17:35:07.600Z,37.4,-114.2,33,5.2,ushis2915,2018-06-04T20:43:45.000Z,Nevada,earthquake
1966-08-16T18:02:36.000Z,37.38,-114.157,10,5.7,iscgem844550,2019-05-17T19:37:54.870Z,Nevada,earthquake
1966-06-30T22:15:01.290Z,37.3158333,-116.299,0.8,5.42,ci3330149,2016-01-28T19:49:48.740Z,"61km NE of Beatty, NV",nuclear explosion
1966-06-28T04:26:16.260Z,35.7905,-120.294,6,5.47,ci3330127,2020-07-07T22:12:00.665Z,"8km N of Cholame, CA",earthquake
1965-12-03T15:13:03.450Z,37.1646667,-116.0523333,0.7,5.03,ci3330366,2016-01-28T19:40:48.080Z,"68km ENE of Beatty, NV",nuclear explosion
1965-09-25T17:43:44.670Z,34.7138333,-116.4316667,6,5.14,ci3330460,2018-06-04T20:43:45.000Z,"25km W of Ludlow, CA",earthquake
1964-11-16T02:46:42.300Z,37.055,-121.692,,5.2,ushis2731,2018-06-04T20:43:45.000Z,Northern California,earthquake
1964-10-23T13:57:11.400Z,38.5,-118.4,26,5,ushis2729,2018-06-04T20:43:45.000Z,Nevada,earthquake
1963-09-23T14:41:53.210Z,33.7036667,-116.9381667,10.66,5.29,ci3331170,2018-06-04T20:43:45.000Z,"6km SSE of Hemet, CA",earthquake
1963-09-14T19:46:17.000Z,36.89,-121.597,3,5.4,ushis2622,2018-06-04T20:43:45.000Z,Central California,earthquake
1963-09-13T17:00:01.350Z,37.0603333,-116.0216667,0.7,5.39,ci3331217,2016-01-28T19:48:49.000Z,"67km ENE of Beatty, NV",nuclear explosion
1962-08-23T19:29:15.200Z,41.84,-124.39,59,5.6,ushis2563,2020-07-10T03:39:42.568Z,offshore Northern California,earthquake
1962-06-06T17:50:08.800Z,39.116,-123.097,10,5.2,ushis2552,2018-06-04T20:43:45.000Z,Northern California,earthquake
1962-05-27T01:45:41.260Z,32.2583333,-115.7693333,6,5.1,ci10086670,2016-01-28T20:01:10.180Z,"40km SSW of Progreso, B.C., MX",earthquake
1962-04-13T15:38:52.100Z,38.222,-119.455,6,5.1,ushis2544,2018-06-04T20:43:45.000Z,Central California,earthquake
1961-10-19T05:09:45.480Z,35.8643333,-117.7946667,6.29,5.13,ci3344648,2018-06-04T20:43:45.000Z,"13km SE of Little Lake, CA",earthquake
1961-07-04T11:09:11.000Z,40.13,-118.6,,5,ushis2502,2018-06-04T20:43:45.000Z,Nevada,earthquake
1961-07-04T04:56:00.000Z,40.9,-118.4,,5.4,ushis2501,2018-06-04T20:43:45.000Z,Nevada,earthquake
1961-04-09T07:25:41.000Z,36.683,-121.3,,5.5,ushis2492,2018-06-04T20:43:45.000Z,Central California,earthquake
1961-04-09T07:23:16.000Z,36.683,-121.3,,5.6,ushis2491,2020-07-10T03:49:49.994Z,Central California,earthquake
1961-02-02T00:07:44.610Z,37.4853333,-118.4973333,6,5.1,ci10086626,2018-06-04T20:43:45.000Z,"13km NNW of Dixon Lane-Meadow Creek, CA",earthquake
1961-02-02T00:04:13.040Z,37.7695,-118.198,6,5.3,ci10086622,2018-06-04T20:43:45.000Z,"47km NNE of Dixon Lane-Meadow Creek, CA",earthquake
1961-01-28T08:12:47.740Z,35.758,-118.0408333,6,5.05,ci3347759,2018-06-04T20:43:45.000Z,"23km SSW of Little Lake, CA",earthquake
1960-01-20T03:25:53.000Z,36.783,-121.433,,5,ushis2433,2018-06-04T20:43:45.000Z,Central California,earthquake
1959-08-04T07:36:59.710Z,37.5005,-118.4168333,6,5.17,ci3297154,2018-06-04T20:43:45.000Z,"13km N of Dixon Lane-Meadow Creek, CA",earthquake
1959-06-23T15:04:34.000Z,39.1,-118.8,,5.5,ushis2382,2018-06-04T20:43:45.000Z,Nevada,earthquake
1959-06-23T14:35:04.000Z,39.027,-118.931,15,5.6,iscgem882314,2020-07-10T04:38:40.336Z,Nevada,earthquake
1959-04-01T18:18:30.000Z,39.717,-120.2,,5.6,ushis2364,2018-06-04T20:43:45.000Z,Northern California,earthquake
1959-03-23T07:10:26.000Z,39.404,-118.171,15,6,iscgem881629,2020-07-10T04:30:58.831Z,Nevada,earthquake
1959-03-02T23:27:17.000Z,36.983,-121.6,,5.3,ushis2362,2018-06-04T20:43:45.000Z,Northern California,earthquake
1958-12-01T03:21:18.380Z,32.2163333,-115.7541667,6,5.75,ci3296828,2020-07-09T21:22:04.413Z,"44km SSW of Progreso, B.C., MX",earthquake
1957-04-25T22:24:14.750Z,33.2226667,-116.0285,6,5.05,ci3295973,2018-06-04T20:43:44.000Z,"11km SW of Salton City, CA",earthquake
1957-04-25T21:57:37.100Z,33.119,-115.6808333,6,5.19,ci3295960,2018-06-04T20:43:44.000Z,"11km NNW of Westmorland, CA",earthquake
1957-03-22T19:44:21.000Z,37.667,-122.483,,5.3,ushis2195,2020-07-10T05:25:27.260Z,"San Francisco Bay area, California",earthquake
1957-01-29T21:19:44.630Z,35.5206667,-123.0771667,6,5.22,ci3295807,2018-06-04T20:43:44.000Z,"155km SW of Carmel-by-the-Sea, CA",earthquake
1956-12-31T17:39:24.000Z,38.28,-118.97,,5.1,ushis2117,2018-06-04T20:43:44.000Z,Central California,earthquake
1956-12-31T17:37:45.000Z,38.25,-118.93,,5,ushis2116,2018-06-04T20:43:44.000Z,Central California,earthquake
1956-11-16T03:23:02.810Z,36.3756667,-120.8846667,6,5,ci3295741,2018-06-04T20:43:44.000Z,"28km NE of King City, CA",earthquake
1956-07-26T09:53:17.000Z,39.55,-118.45,,5.1,ushis2098,2018-06-04T20:43:44.000Z,Nevada,earthquake
1955-12-17T06:07:28.100Z,32.9551667,-115.4718333,6,5.26,ci3297422,2018-06-04T20:43:44.000Z,"6km ESE of Brawley, CA",earthquake
1955-11-21T20:25:33.000Z,39.42,-118.08,,5.5,ushis2069,2018-06-04T20:43:44.000Z,Nevada,earthquake
1955-10-24T04:10:44.000Z,37.967,-122.05,,5.4,ushis2064,2018-06-04T20:43:44.000Z,"San Francisco Bay area, California",earthquake
1955-09-05T02:01:18.000Z,37.367,-121.783,,5.5,ushis2059,2020-07-10T06:35:16.585Z,"San Francisco Bay area, California",earthquake
1955-08-08T10:35:35.000Z,38.33,-118.67,,5.2,ushis2054,2021-05-17T23:02:07.250Z,"21 km S of Hawthorne, Nevada",earthquake
1955-06-19T19:25:16.000Z,39,-118.5,,5,ushis2041,2018-06-04T20:43:44.000Z,Nevada,earthquake
1955-06-19T19:20:00.000Z,38.97,-118.25,,5.2,ushis2040,2018-06-04T20:43:44.000Z,Nevada,earthquake
1955-01-09T09:10:50.000Z,39,-118,,5,ushis2005,2018-06-04T20:43:44.000Z,Nevada,earthquake
1955-01-01T12:13:54.000Z,39,-118,,5.1,ushis2003,2018-06-04T20:43:44.000Z,Nevada,earthquake
1954-12-21T19:56:25.600Z,40.783,-124.167,,6.5,ushis2000,2020-07-10T07:01:19.277Z,Northern California,earthquake
1954-12-20T17:36:47.000Z,39.28,-118.12,,5,ushis1999,2018-06-04T20:43:44.000Z,Nevada,earthquake
1954-12-17T20:27:06.000Z,39.28,-118.12,,5,ushis1997,2018-06-04T20:43:44.000Z,Nevada,earthquake
1954-12-16T15:09:42.000Z,39.28,-118.12,,5.1,ushis1992,2018-06-04T20:43:44.000Z,Nevada,earthquake
1954-12-16T14:24:10.000Z,39.28,-118.12,,5.3,ushis1991,2018-06-04T20:43:44.000Z,Nevada,earthquake
1954-12-16T14:16:57.000Z,39.28,-118.12,,5.8,ushis1990,2018-06-04T20:43:44.000Z,Nevada,earthquake
1954-12-16T13:15:03.000Z,39.28,-118.12,,5,ushis1989,2018-06-04T20:43:44.000Z,Nevada,earthquake
1954-12-16T11:57:30.000Z,39.28,-118.12,,5,ushis1988,2018-06-04T20:43:44.000Z,Nevada,earthquake
1954-12-16T11:50:36.000Z,39.28,-118.12,,5,ushis1987,2018-06-04T20:43:44.000Z,Nevada,earthquake
1954-12-16T11:11:34.000Z,39.8,-118.1,40,6.92,ushis1986,2021-02-04T22:34:31.767Z,"The 1954 Dixie Valley Earthquake, Nevada",earthquake
1954-12-16T11:07:11.000Z,39.283,-118.117,15,7.26,ushis1985,2021-02-04T22:36:56.143Z,"The 1954 Fairview Peak Earthquake, Nevada",earthquake
1954-09-01T05:18:46.000Z,39.58,-118.45,,5.5,ushis1978,2018-06-04T20:43:44.000Z,Nevada,earthquake
1954-08-31T22:20:32.000Z,39.58,-118.45,,5.8,ushis1977,2020-07-10T06:55:58.101Z,Nevada,earthquake
1954-08-24T05:57:46.000Z,39.58,-118.45,,5.2,ushis1970,2018-06-04T20:43:44.000Z,Nevada,earthquake
1954-08-24T05:51:32.000Z,39.58,-118.45,,6.56,ushis1969,2021-02-03T09:18:04.512Z,"The 1954 Stillwater Earthquake, Nevada",earthquake
1954-08-02T10:18:53.000Z,39.42,-118.53,,5.4,ushis1965,2018-06-04T20:43:44.000Z,Nevada,earthquake
1954-07-30T02:00:10.000Z,39.42,-118.53,,5.1,ushis1963,2018-06-04T20:43:44.000Z,Nevada,earthquake
1954-07-20T00:11:38.000Z,38.2,-116.4,,5,ushis1962,2021-05-17T23:02:06.702Z,"74 km E of Tonopah, Nevada",earthquake
1954-07-08T19:31:57.000Z,39.42,-118.53,,5.3,ushis1955,2018-06-04T20:43:44.000Z,Nevada,earthquake
1954-07-06T22:07:41.000Z,39.3,-118.5,,6.23,ushis1950,2020-07-10T06:52:42.884Z,Nevada,earthquake
1954-07-06T13:15:11.000Z,39.42,-118.53,,5.2,ushis1947,2018-06-04T20:43:44.000Z,Nevada,earthquake
1954-07-06T11:49:00.000Z,39.42,-118.53,,5.7,ushis1945,2018-06-04T20:43:44.000Z,Nevada,earthquake
1954-07-06T11:18:04.000Z,39.42,-118.53,,5.5,ushis1942,2018-06-04T20:43:44.000Z,Nevada,earthquake
1954-07-06T11:13:20.000Z,39.42,-118.53,,6.2,ushis1941,2021-02-05T22:07:59.927Z,"The 1954 Rainbow Mountain Earthquake, Nevada",earthquake
1954-05-23T23:52:44.870Z,34.9681667,-119.0023333,14.48,5.03,ci3299932,2018-06-04T20:43:44.000Z,"7km WNW of Grapevine, CA",earthquake
1954-04-25T20:33:28.000Z,36.933,-121.683,,5.3,ushis1934,2018-06-04T20:43:44.000Z,Northern California,earthquake
1954-03-19T10:21:17.670Z,33.2095,-116.0976667,6,5.48,ci3299672,2018-06-04T20:43:44.000Z,"8km NNE of Ocotillo Wells, CA",earthquake
1954-03-19T09:54:28.170Z,33.2985,-116.0805,6,6.4,ci3299653,2020-07-09T21:25:11.382Z,"12km W of Salton City, CA",earthquake
1954-02-01T04:31:49.150Z,32.1946667,-114.3516667,6,5.66,ci3301219,2020-07-09T21:25:47.604Z,"50km SE of San Luis Rio Colorado, Son., MX",earthquake
1954-02-01T04:23:46.210Z,32.2028333,-114.5545,6,5.21,ci3301218,2017-02-07T04:18:17.245Z,"36km SE of San Luis Rio Colorado, Son., MX",earthquake
1954-01-12T23:33:49.720Z,34.9823333,-119.0613333,0.02,5.4,ci3301140,2018-06-04T20:43:44.000Z,"13km WNW of Grapevine, CA",earthquake
1953-09-26T03:34:29.000Z,39.53,-119.98,,5.3,ushis1903,2018-06-04T20:43:44.000Z,Nevada,earthquake
1953-06-14T04:17:27.300Z,32.8923333,-115.5043333,6,5.47,ci3304047,2018-06-04T20:43:44.000Z,"8km NE of Imperial, CA",earthquake
1953-03-22T05:19:00.000Z,38.817,-119.983,,5,ushis1886,2018-06-04T20:43:44.000Z,Northern California,earthquake
1952-11-22T07:46:37.680Z,35.7231667,-121.3278333,6,6.2,ci3307216,2020-07-09T21:26:19.525Z,"28km NW of Cambria, CA",earthquake
1952-09-22T11:41:29.000Z,40.234,-124.322,15,6,iscgem893449,2020-07-10T07:46:28.440Z,Northern California,earthquake
1952-08-22T22:41:24.520Z,35.3516667,-118.954,6,5.52,ci3306746,2020-07-09T21:26:04.544Z,"7km E of Bakersfield, CA",earthquake
1952-08-07T16:31:51.390Z,35.045,-119.0936667,6,5.03,ci3317936,2018-06-04T20:43:44.000Z,"19km NW of Grapevine, CA",earthquake
1952-07-31T12:09:10.870Z,35.2488333,-118.4966667,6,5.64,ci3317866,2020-07-09T21:27:52.288Z,"14km NNW of Tehachapi, CA",earthquake
1952-07-29T08:01:46.170Z,35.4026667,-118.8203333,6,5.19,ci3318185,2018-06-04T20:43:44.000Z,"18km NNE of Lamont, CA",earthquake
1952-07-29T07:03:47.750Z,35.3568333,-118.8948333,6,5.72,ci3317823,2020-07-09T21:27:40.624Z,"11km N of Lamont, CA",earthquake
1952-07-25T19:43:24.500Z,35.3041667,-118.4678333,6,5.62,ci3318463,2020-07-09T21:28:48.051Z,"19km N of Tehachapi, CA",earthquake
1952-07-25T19:09:46.710Z,35.332,-118.4628333,6,5.55,ci3318460,2020-07-09T21:28:35.415Z,"22km N of Tehachapi, CA",earthquake
1952-07-23T18:13:51.830Z,34.996,-118.9301667,15.24,5.13,ci3318277,2018-06-04T20:43:44.000Z,"6km N of Grapevine, CA",earthquake
1952-07-23T13:17:06.330Z,35.1656667,-118.7993333,6,5.51,ci3318262,2020-07-09T21:28:20.883Z,"6km SSE of Arvin, CA",earthquake
1952-07-23T07:53:19.870Z,34.9881667,-118.8031667,6,5.55,ci3318258,2020-07-09T21:28:07.338Z,"13km ENE of Grapevine, CA",earthquake
1952-07-23T03:19:23.750Z,35.3776667,-118.6278333,6,5.07,ci3318777,2018-06-04T20:43:44.000Z,"26km NE of Arvin, CA",earthquake
1952-07-23T00:38:32.190Z,35.372,-118.5653333,6,5.43,ci3318780,2018-06-04T20:43:44.000Z,"25km SSW of Bodfish, CA",earthquake
1952-07-21T19:41:23.380Z,35.1153333,-118.792,6,5.19,ci3319075,2018-06-04T20:43:44.000Z,"11km SSE of Arvin, CA",earthquake
1952-07-21T12:22:02.230Z,35.1,-118.48,6,5.18,ci3319389,2018-06-04T20:43:44.000Z,"5km SW of Tehachapi, CA",earthquake
1952-07-21T12:19:37.810Z,35.0198333,-118.8301667,6,5.2,ci3319392,2018-06-04T20:43:44.000Z,"12km NE of Grapevine, CA",earthquake
1952-07-21T12:07:00.000Z,35,-119,0,5.18,ci3319396,2018-06-04T20:43:44.000Z,"9km NW of Grapevine, CA",earthquake
1952-07-21T12:06:00.000Z,35,-119,0,5.4,ci3319397,2018-06-04T20:43:44.000Z,"9km NW of Grapevine, CA",earthquake
1952-07-21T12:05:32.760Z,34.9731667,-119.0661667,6,5.8,ci3319398,2020-07-09T21:29:36.451Z,"13km WNW of Grapevine, CA",earthquake
1952-07-21T11:52:15.460Z,34.9581667,-118.998,6,7.5,ci3319401,2020-09-10T01:45:19.463Z,"6km WNW of Grapevine, CA",earthquake
1952-05-09T15:31:32.000Z,39.42,-119.78,,5.1,ushis1780,2018-06-04T20:43:44.000Z,Nevada,earthquake
1951-12-26T00:46:55.570Z,32.9161667,-118.3051667,6,5.75,ci3322187,2018-06-04T20:43:44.000Z,"11km NNE of San Clemente Is. (SE tip), CA",earthquake
1951-07-29T10:53:45.000Z,36.583,-121.183,,5,ushis1748,2018-06-04T20:43:44.000Z,Central California,earthquake
1951-01-24T07:16:53.380Z,32.622,-115.1191667,6,5.95,ci3322622,2020-07-09T21:30:59.662Z,"14km WNW of Tecolots, B.C., MX",earthquake
1950-12-14T13:24:19.000Z,40.083,-120.067,,5.6,ushis1725,2018-06-04T20:43:44.000Z,Northern California,earthquake
1950-07-29T14:36:32.070Z,33.0883333,-115.6636667,6,5.42,ci3344251,2018-06-04T20:43:44.000Z,"7km NW of Westmorland, CA",earthquake
1950-07-28T17:50:47.710Z,33.0891667,-115.4483333,6,5.33,ci3344239,2018-06-04T20:43:44.000Z,"7km ESE of Calipatria, CA",earthquake
1950-03-20T15:22:17.000Z,40.45,-121.467,,5.5,ushis1686,2018-06-04T20:43:44.000Z,"Lassen Peak area, California",earthquake
1949-05-02T11:25:47.100Z,34,-115.6958333,6,5.69,ci3356151,2020-07-09T21:36:22.020Z,"38km ESE of Twentynine Palms, CA",earthquake
1949-03-09T12:28:39.000Z,37.02,-121.48,,5.2,ushis1653,2018-06-04T20:43:44.000Z,Northern California,earthquake
1949-02-11T21:05:11.720Z,37.9376667,-117.5331667,6,5.52,ci3356225,2018-06-04T20:43:44.000Z,"30km WSW of Tonopah, NV",earthquake
1948-12-29T12:53:28.000Z,39.55,-120.08,,6,ushis1643,2018-06-04T20:43:44.000Z,Northern California,earthquake
1948-12-04T23:43:17.590Z,33.9833333,-116.3308333,6,6,ci9860350,2020-07-09T21:47:05.969Z,"16km E of Desert Hot Springs, CA",earthquake
1948-02-24T08:15:11.520Z,32.4975,-118.5845,6,5.2,ci3357743,2018-06-04T20:43:44.000Z,"42km SSW of San Clemente Is. (SE tip), CA",earthquake
1947-07-25T06:19:50.500Z,34.03,-116.4063333,6,5.24,ci3358256,2018-06-04T20:43:44.000Z,"10km SSE of Yucca Valley, CA",earthquake
1947-07-24T22:10:47.180Z,33.9936667,-116.481,6,5.3,ci3358693,2018-06-04T20:43:44.000Z,"4km NNE of Desert Hot Springs, CA",earthquake
1947-04-10T16:03:01.670Z,35.0175,-116.7193333,6,5,ci3358946,2018-06-04T20:43:44.000Z,"27km S of Fort Irwin, CA",earthquake
1947-04-10T15:58:06.890Z,34.9828333,-116.5315,6,6.5,ci3358945,2020-07-09T21:36:34.271Z,"34km SSE of Fort Irwin, CA",earthquake
1947-02-05T06:14:23.000Z,36.23,-120.65,,5,ushis1571,2018-06-04T20:43:44.000Z,Central California,earthquake
1946-07-18T14:27:58.010Z,34.5016667,-115.9148333,6,5.51,ci3359696,2018-06-04T20:43:44.000Z,"17km WSW of Amboy, CA",earthquake
1946-07-07T06:55:15.000Z,40.5,-121.5,,5,ushis1555,2018-06-04T20:43:44.000Z,"Lassen Peak area, California",earthquake
1946-03-18T15:50:43.190Z,35.7786667,-117.7775,6,5.24,ci3360225,2018-06-04T20:43:44.000Z,"15km NNE of Inyokern, CA",earthquake
1946-03-17T14:45:53.000Z,38.3,-117.9,,5,ushis1526,2021-05-17T23:02:06.140Z,Nevada,earthquake
1946-03-15T21:54:36.880Z,35.6965,-118.0521667,6,5.04,ci3360183,2018-06-04T20:43:44.000Z,"22km WNW of Inyokern, CA",earthquake
1946-03-15T19:18:55.160Z,35.6785,-117.8195,6,5.43,ci3360181,2018-06-04T20:43:44.000Z,"4km N of Inyokern, CA",earthquake
1946-03-15T14:00:37.320Z,35.6913333,-117.7496667,6,5.19,ci3360176,2018-06-04T20:43:44.000Z,"8km NE of Inyokern, CA",earthquake
1946-03-15T13:49:38.910Z,35.7023333,-117.9441667,6,6.3,ci3360174,2020-07-09T21:37:28.654Z,"13km WNW of Inyokern, CA",earthquake
1946-03-15T13:21:02.090Z,35.7226667,-117.9406667,6,5.43,ci3360172,2018-06-04T20:43:44.000Z,"14km NW of Inyokern, CA",earthquake
1946-01-15T22:31:56.000Z,40.5,-117.25,,5.1,ushis1516,2018-06-04T20:43:44.000Z,Nevada,earthquake
1946-01-08T18:54:20.370Z,33.1111667,-116.0008333,6,5.33,ci3360124,2018-06-04T20:43:44.000Z,"13km ESE of Ocotillo Wells, CA",earthquake
1945-09-18T22:39:00.000Z,40.6,-116.5,,5.1,ushis1505,2018-06-04T20:43:44.000Z,Nevada,earthquake
1945-08-15T17:56:19.610Z,33.0823333,-115.6311667,6,5.77,ci3360494,2020-07-09T21:38:25.011Z,"5km N of Westmorland, CA",earthquake
1945-05-02T19:47:54.000Z,41.2,-123.5,,5,ushis1495,2018-06-04T20:43:44.000Z,Northern California,earthquake
1944-06-12T11:16:36.190Z,34.0015,-116.6988333,6,5.24,ci3366546,2018-06-04T20:43:44.000Z,"12km WSW of Morongo Valley, CA",earthquake
1944-06-12T10:45:35.320Z,33.989,-116.7311667,6,5.06,ci3366543,2018-06-04T20:43:44.000Z,"10km NNE of Cabazon, CA",earthquake
1943-12-22T15:50:29.400Z,34.3698333,-115.8185,6,5.11,ci3366459,2018-06-04T20:43:44.000Z,"22km SSW of Amboy, CA",earthquake
1943-08-29T03:45:15.690Z,34.268,-116.9678333,6,5.28,ci3366373,2018-06-04T20:43:44.000Z,"6km WNW of Big Bear Lake, CA",earthquake
1943-08-09T05:30:04.000Z,38.2,-118.2,,5.5,ushis1448,2018-06-04T20:43:44.000Z,Nevada,earthquake
1943-03-30T21:07:28.000Z,39.43,-120.4,,5.3,ushis1442,2018-06-04T20:43:44.000Z,Northern California,earthquake
1942-12-17T15:07:43.000Z,38.87,-119.9,,5.1,ushis1435,2018-06-04T20:43:44.000Z,Northern California,earthquake
1942-12-03T09:44:42.000Z,39.7,-119.3,,5.5,ushis1431,2018-06-04T20:43:44.000Z,Nevada,earthquake
1942-10-22T01:50:38.920Z,33.2661667,-115.572,6,5.63,ci3366107,2020-07-09T21:42:24.948Z,"6km WNW of Niland, CA",earthquake
1942-10-21T16:22:12.020Z,32.9753333,-115.7853333,6,6.6,ci3366099,2020-07-09T21:41:49.759Z,"17km WSW of Westmorland, CA",earthquake
1942-08-18T21:55:24.000Z,38.6,-118.5,,5,ushis1405,2018-06-04T20:43:44.000Z,Nevada,earthquake
1942-07-11T16:41:56.000Z,38.5,-117.1,,5,ushis1402,2018-06-04T20:43:44.000Z,Nevada,earthquake
1941-12-31T06:48:45.970Z,37.8036667,-118.3781667,6,5.36,ci3365839,2018-06-04T20:43:44.000Z,"46km N of Dixon Lane-Meadow Creek, CA",earthquake
1941-11-14T08:41:38.350Z,33.7906667,-118.2636667,6,5.12,ci3365807,2018-06-04T20:43:44.000Z,"5km E of Lomita, CA",earthquake
1941-09-21T19:53:09.170Z,34.8381667,-118.9335,6,5.1,ci3365754,2018-06-04T20:43:44.000Z,"2km NNE of Frazier Park, CA",earthquake
1941-09-14T18:39:12.100Z,37.567,-118.733,16,5.5,ushis1374,2020-07-09T21:41:28.079Z,Central California,earthquake
1941-09-14T18:21:19.300Z,37.567,-118.733,16,5.5,ushis1373,2020-07-09T21:41:12.008Z,Central California,earthquake
1941-09-14T16:43:35.580Z,37.5488333,-118.6158333,6,5.63,ci3365741,2020-07-09T21:40:58.865Z,"25km NW of West Bishop, CA",earthquake
1941-08-29T13:09:53.000Z,41.5,-118.5,,5.5,ushis1369,2018-06-04T20:43:44.000Z,Nevada,earthquake
1941-07-18T03:53:42.000Z,40,-119,,5,ushis1364,2018-06-04T20:43:44.000Z,Nevada,earthquake
1941-07-01T07:50:57.040Z,34.3291667,-119.5641667,9.58,5.47,ci3365643,2018-06-04T20:43:44.000Z,"9km SSW of Carpinteria, CA",earthquake
1940-12-20T23:40:42.000Z,40,-124,,5.5,ushis1344,2018-06-04T20:43:44.000Z,Northern California,earthquake
1940-06-04T10:35:09.880Z,32.966,-116.315,6,5.03,ci3365330,2018-06-04T20:43:44.000Z,"26km NE of Pine Valley, CA",earthquake
1940-05-19T06:35:34.540Z,32.833,-115.5,6,5.18,ci3365289,2018-06-04T20:43:44.000Z,"7km ESE of Imperial, CA",earthquake
1940-05-19T06:33:22.600Z,32.833,-115.5,6,5.18,ci3365288,2018-06-04T20:43:44.000Z,"7km ESE of Imperial, CA",earthquake
1940-05-19T05:51:39.870Z,32.855,-115.5,6,5.41,ci3365285,2018-06-04T20:43:44.000Z,"6km E of Imperial, CA",earthquake
1940-05-19T04:54:57.820Z,32.833,-115.5,6,5.15,ci3365281,2018-06-04T20:43:44.000Z,"7km ESE of Imperial, CA",earthquake
1940-05-19T04:36:41.500Z,32.8441667,-115.381,6,6.9,ci3365279,2020-09-10T16:48:52.224Z,"4km N of Holtville, CA",earthquake
1940-05-18T05:51:22.060Z,34.037,-116.3065,6,5.2,ci3365270,2018-06-04T20:43:44.000Z,"11km S of Joshua Tree, CA",earthquake
1940-05-18T05:04:00.340Z,34.089,-116.2818333,6,5.31,ci3365269,2018-06-04T20:43:44.000Z,"6km SSE of Joshua Tree, CA",earthquake
1940-03-10T18:01:54.000Z,37,-115,16,5,ushis1282,2018-06-04T20:43:44.000Z,Nevada,earthquake
1940-02-08T08:05:59.000Z,40,-121.6,,5.7,ushis1276,2018-06-04T20:43:44.000Z,Northern California,earthquake
1939-12-28T12:15:33.850Z,35.9533333,-120.9733333,6,5.17,ci3365181,2018-06-04T20:43:44.000Z,"26km NNW of Lake Nacimiento, CA",earthquake
1939-06-24T13:02:06.000Z,36.8,-121.45,,5.5,ushis1260,2018-06-04T20:43:44.000Z,Central California,earthquake
1939-05-11T18:04:00.000Z,38.58,-117.83,,5.5,ushis1251,2018-06-04T20:43:44.000Z,Nevada,earthquake
1939-05-04T20:44:47.200Z,35.967,-114.817,,5,ushis1247,2018-06-04T20:43:44.000Z,Nevada,earthquake
1939-01-11T22:00:00.000Z,39,-119.2,,5.5,ushis1237,2018-06-04T20:43:44.000Z,Nevada,earthquake
1938-12-03T17:42:50.680Z,37.67,-118.6133333,6,5.45,ci3364810,2018-06-04T20:43:44.000Z,"32km E of Mammoth Lakes, CA",earthquake
1938-09-12T06:10:00.000Z,40,-124,,5.5,ushis1209,2018-06-04T20:43:44.000Z,Northern California,earthquake
1938-07-01T18:13:00.000Z,41,-124,,5,ushis1200,2018-06-04T20:43:44.000Z,Northern California,earthquake
1938-05-31T08:34:56.580Z,33.6993333,-117.5111667,10.19,5.23,ci3364626,2018-06-04T20:43:44.000Z,"8km ENE of Trabuco Canyon, CA",earthquake
1937-06-18T09:07:26.000Z,41.25,-120,,5.25,ushis1174,2018-06-04T20:43:44.000Z,Northern California,earthquake
1937-03-25T16:49:03.820Z,33.4,-116.25,6,6,ci3364162,2020-07-09T21:39:55.042Z,"16km WSW of Oasis, CA",earthquake
1937-02-19T09:09:10.000Z,38.3,-118.3,,5,ushis1161,2018-06-04T20:43:44.000Z,Nevada,earthquake
1936-07-02T16:29:00.000Z,39.2,-117.5,,5,ushis1147,2018-06-04T20:43:44.000Z,Nevada,earthquake
1935-12-20T07:45:32.140Z,32.8111667,-115.2965,6,5.27,ci3363356,2019-05-02T20:46:32.275Z,"8km E of Holtville, CA",earthquake
1935-06-03T17:08:00.000Z,41,-124,,5,ushis1098,2018-06-04T20:43:44.000Z,Northern California,earthquake
1934-12-31T18:45:44.080Z,32.18,-115.1755,6,6.42,ci3362656,2020-07-09T21:39:16.111Z,"5km S of Alberto Oviedo Mota, B.C., MX",earthquake
1934-11-17T17:42:00.000Z,40.5,-124.08,,5,ushis1080,2018-06-04T20:43:44.000Z,Northern California,earthquake
1934-06-08T04:47:46.900Z,35.8463333,-120.6663333,6,5.84,ci3362218,2020-07-09T21:38:37.191Z,"11km NNE of San Miguel, CA",earthquake
1934-06-08T04:30:21.210Z,35.8705,-120.6936667,6,5.09,ci3362223,2019-05-02T20:46:27.709Z,"13km N of San Miguel, CA",earthquake
1934-04-15T12:09:00.000Z,38,-115,,5,ushis1056,2018-06-04T20:43:44.000Z,Nevada,earthquake
1934-02-09T09:20:34.000Z,38.3,-118.4,,5.5,ushis1035,2020-07-10T14:03:20.662Z,Nevada,earthquake
1934-02-01T11:45:54.000Z,38.3,-118.4,,5.4,ushis1030,2018-06-04T20:43:44.000Z,Nevada,earthquake
1934-02-01T11:18:51.000Z,38.5,-118.25,,5.2,ushis1029,2018-06-04T20:43:44.000Z,Nevada,earthquake
1934-02-01T11:00:54.000Z,38.3,-118.4,,5,ushis1028,2018-06-04T20:43:44.000Z,Nevada,earthquake
1934-01-31T03:54:49.000Z,38.3,-118.4,,5,ushis1026,2018-06-04T20:43:44.000Z,Nevada,earthquake
1934-01-31T00:24:22.000Z,38.3,-118.4,,5,ushis1025,2018-06-04T20:43:44.000Z,Nevada,earthquake
1934-01-30T23:39:38.000Z,38.3,-118.4,,5.4,ushis1024,2018-06-04T20:43:44.000Z,Nevada,earthquake
1934-01-30T20:16:31.000Z,38.28,-118.36,,6.3,ushis1021,2021-02-06T00:06:56.887Z,"The 1934 Excelsior Mountains Earthquake, Nevada",earthquake
1934-01-30T19:23:29.000Z,38.3,-118.4,,5.5,ushis1020,2018-06-04T20:43:44.000Z,Nevada,earthquake
1933-12-13T15:34:37.000Z,37.2,-122,,5,ushis1015,2018-06-04T20:43:44.000Z,Northern California,earthquake
1933-10-27T10:58:54.000Z,38.9,-117.6,,5.5,ushis1013,2018-06-04T20:43:44.000Z,Nevada,earthquake
1933-06-25T20:45:27.000Z,39.08,-119.33,,6.1,ushis994,2018-06-04T20:43:44.000Z,Nevada,earthquake
1933-06-11T08:34:31.000Z,38.8,-117.5,,5.2,ushis988,2018-06-04T20:43:44.000Z,Nevada,earthquake
1933-06-04T14:08:22.000Z,38.5,-118.16,16,5.2,ushis987,2018-06-04T20:43:44.000Z,Nevada,earthquake
1933-05-09T09:46:25.000Z,38.5,-117.9,,5.1,ushis985,2018-06-04T20:43:44.000Z,Nevada,earthquake
1933-03-12T20:44:20.000Z,38.8,-117.6,,5,ushis971,2018-06-04T20:43:44.000Z,Nevada,earthquake
1933-03-11T14:25:00.000Z,33.85,-118.266,16,5,ushis966,2018-06-04T20:43:44.000Z,"Greater Los Angeles area, California",earthquake
1933-03-11T06:58:45.610Z,33.6238333,-118.0011667,6,5.29,ci3359813,2019-05-02T20:46:21.765Z,"7km W of Newport Beach, CA",earthquake
1933-03-11T05:18:48.490Z,33.7666667,-117.985,6,5.02,ci3359797,2019-05-02T20:46:21.056Z,"2km ENE of Westminster, CA",earthquake
1933-03-11T01:54:10.660Z,33.6308333,-117.9995,6,6.4,ci3359741,2021-06-05T06:12:35.037Z,"Long Beach, California Earthquake",earthquake
1933-02-13T22:08:45.000Z,38.7,-117.9,,5.5,ushis943,2018-06-04T20:43:44.000Z,Nevada,earthquake
1933-02-03T03:26:13.010Z,37.7168333,-118.4001667,6,5.14,ci3359525,2018-06-04T20:43:44.000Z,"37km N of Dixon Lane-Meadow Creek, CA",earthquake
1933-01-29T13:51:11.000Z,38.5,-118,,5,ushis941,2018-06-04T20:43:44.000Z,Nevada,earthquake
1933-01-11T17:29:38.000Z,38.9,-117.8,,5.2,ushis938,2018-06-04T20:43:44.000Z,Nevada,earthquake
1933-01-06T13:05:56.000Z,39,-117.8,,5.1,ushis936,2018-06-04T20:43:44.000Z,Nevada,earthquake
1933-01-05T06:50:20.000Z,38.75,-118,,5.7,ushis935,2018-06-04T20:43:44.000Z,Nevada,earthquake
1932-12-29T06:45:08.000Z,38.8,-118,,5,ushis927,2018-06-04T20:43:44.000Z,Nevada,earthquake
1932-12-29T06:38:03.000Z,38.8,-118,,5,ushis926,2018-06-04T20:43:44.000Z,Nevada,earthquake
1932-12-29T06:20:28.000Z,38.8,-118,,5.2,ushis925,2018-06-04T20:43:44.000Z,Nevada,earthquake
1932-12-26T05:03:00.000Z,38.75,-118,,5.3,ushis923,2018-06-04T20:43:44.000Z,Nevada,earthquake
1932-12-25T03:54:45.000Z,38.8,-118,,5.5,ushis921,2018-06-04T20:43:44.000Z,Nevada,earthquake
1932-12-24T12:40:49.000Z,38.8,-118,,5,ushis920,2018-06-04T20:43:44.000Z,Nevada,earthquake
1932-12-21T06:10:10.000Z,38.631,-117.91,10,6.8,iscgem906508,2021-01-27T10:00:31.497Z,"The 1932 Cedar Mountain Earthquake, Nevada",earthquake
1932-06-06T08:44:26.000Z,40.73,-124.211,15,6.4,iscgem906203,2020-07-10T11:18:53.208Z,Northern California,earthquake
1932-02-26T16:58:00.000Z,36,-121,,5,ushis890,2018-06-04T20:43:44.000Z,Central California,earthquake
1931-12-04T00:53:00.000Z,36.5,-121.67,,5.1,ushis883,2018-06-04T20:43:44.000Z,Central California,earthquake
1931-01-06T23:28:40.000Z,36.5,-124.4,,5,ushis863,2018-06-04T20:43:44.000Z,off the coast of California,earthquake
1930-12-11T12:27:00.000Z,40.92,-124.08,,5,ushis858,2018-06-04T20:43:44.000Z,Northern California,earthquake
1930-12-11T08:58:55.000Z,40.08,-124.5,,5,ushis857,2018-06-04T20:43:44.000Z,offshore Northern California,earthquake
1930-09-23T02:56:55.000Z,40.83,-124.17,,5,ushis851,2018-06-04T20:43:44.000Z,Northern California,earthquake
1930-08-31T00:40:38.000Z,34.03,-118.643,15,5.25,ushis850,2018-06-04T20:43:44.000Z,"Santa Monica Bay, California",earthquake
1930-08-05T11:25:00.000Z,34.5,-119.5,,5,ushis849,2018-06-04T20:43:44.000Z,Southern California,earthquake
1930-02-26T02:30:00.000Z,33,-115.5,,5,ushis837,2018-06-04T20:43:44.000Z,Southern California,earthquake
1930-01-16T00:34:00.000Z,34.2,-116.9,,5.1,ushis835,2018-06-04T20:43:44.000Z,Southern California,earthquake
1930-01-16T00:24:34.000Z,34.2,-116.9,,5.25,ushis834,2018-06-04T20:43:44.000Z,Southern California,earthquake
1929-11-28T19:49:00.000Z,36.9,-118.2,,5.5,ushis826,2018-06-04T20:43:44.000Z,Central California,earthquake
1929-09-26T20:00:23.300Z,34.83,-116.52,,5.1,ushis817,2018-06-04T20:43:44.000Z,Southern California,earthquake
1928-10-02T19:01:00.000Z,32.9,-115.7,,5,ushis793,2018-06-04T20:43:44.000Z,Southern California,earthquake
1928-09-05T14:42:00.000Z,34,-116,,5,ushis791,2018-06-04T20:43:44.000Z,Southern California,earthquake
1928-09-05T05:36:00.000Z,42.1,-115.2,,5.2,ushis790,2018-06-04T20:43:44.000Z,southern Idaho,earthquake
1928-04-18T21:40:00.000Z,34.1,-119.3,,5.2,ushis785,2018-06-04T20:43:44.000Z,"Santa Barbara Channel, California",earthquake
1927-11-19T03:32:30.000Z,35,-120.5,,5,ushis776,2018-06-04T20:43:44.000Z,Central California,earthquake
1927-11-04T13:51:03.000Z,34.813,-120.774,10,6.9,iscgem909604,2020-07-10T12:11:47.530Z,offshore Central California,earthquake
1927-09-18T02:07:07.000Z,37.5,-118.75,,5.5,ushis773,2018-06-04T20:43:44.000Z,Central California,earthquake
1927-08-20T20:05:44.000Z,41,-124.6,,5.3,ushis772,2018-06-04T20:43:44.000Z,offshore Northern California,earthquake
1927-08-04T12:24:00.000Z,34,-118.5,,5.3,ushis770,2018-06-04T20:43:44.000Z,"Santa Monica Bay, California",earthquake
1927-02-15T23:54:04.500Z,36.95,-122.267,,5,ushis759,2018-06-04T20:43:44.000Z,offshore Northern California,earthquake
1927-01-01T09:13:30.000Z,32.5,-115.5,,5.5,ushis758,2018-06-04T20:43:44.000Z,"Baja California, Mexico",earthquake
1927-01-01T08:16:45.000Z,32.5,-115.5,,5.7,ushis757,2018-06-04T20:43:44.000Z,"Baja California, Mexico",earthquake
1926-12-27T09:19:00.000Z,36.17,-120.32,,5,ushis756,2018-06-04T20:43:44.000Z,Central California,earthquake
1926-10-24T22:51:50.500Z,37.017,-122.208,,5.5,ushis752,2018-06-04T20:43:44.000Z,offshore Northern California,earthquake
1926-10-22T13:35:27.000Z,36.725,-122.18,10,6.3,iscgem910175,2020-07-10T12:21:10.919Z,offshore Central California,earthquake
1926-10-22T12:35:00.000Z,36.617,-122.35,,6.1,ushis750,2018-06-04T20:43:44.000Z,offshore Central California,earthquake
1926-07-25T17:57:54.000Z,36.5,-120.8,15,5,ushis745,2018-06-04T20:43:44.000Z,Central California,earthquake
1926-06-30T13:31:00.000Z,35.6,-118.8,,5,ushis742,2018-06-04T20:43:44.000Z,Central California,earthquake
1926-06-29T23:21:00.000Z,34.5,-119.5,,5.5,ushis741,2018-06-04T20:43:44.000Z,Southern California,earthquake
1926-04-03T20:09:00.000Z,34,-116,,5.5,ushis738,2018-06-04T20:43:44.000Z,Southern California,earthquake
1926-02-18T18:20:45.000Z,34,-119.5,,5.5,ushis735,2018-06-04T20:43:44.000Z,"Channel Islands region, California",earthquake
1925-06-29T14:42:16.000Z,34.3,-119.8,10,6.82,ci37161284,2020-11-11T04:34:21.235Z,"14km SSE of Isla Vista, CA",earthquake
1923-11-07T23:57:00.000Z,32.5,-115.5,,5.7,ushis697,2018-06-04T20:43:44.000Z,"Baja California, Mexico",earthquake
1923-11-05T22:07:00.000Z,32.5,-115.5,,5,ushis696,2018-06-04T20:43:44.000Z,"Baja California, Mexico",earthquake
1923-07-23T07:30:26.000Z,34,-117.25,,5.96,ushis694,2018-06-04T20:43:44.000Z,"Greater Los Angeles area, California",earthquake
1923-02-09T11:14:00.000Z,40.83,-124.17,,5,ushis686,2018-06-04T20:43:44.000Z,Northern California,earthquake
1923-01-11T04:29:00.000Z,42.2,-120.3,,5,ushis683,2018-06-04T20:43:44.000Z,Oregon,earthquake
1922-08-18T05:12:00.000Z,35.75,-120.33,,5,ushis681,2018-06-04T20:43:44.000Z,Central California,earthquake
1922-03-16T23:11:00.000Z,35.75,-120.33,,5,ushis676,2018-06-04T20:43:44.000Z,Central California,earthquake
1922-03-10T11:21:20.000Z,35.75,-120.25,,6.5,ushis675,2020-07-10T12:49:57.149Z,Central California,earthquake
1920-10-05T19:03:58.000Z,36.58,-121.67,,5.2,ushis664,2018-06-04T20:43:44.000Z,Central California,earthquake
1920-01-01T02:35:00.000Z,33.2,-116.7,,5,ushis656,2018-06-04T20:43:44.000Z,Southern California,earthquake
1919-12-19T13:58:13.000Z,38.3,-119.5,,5.2,ushis655,2018-06-04T20:43:44.000Z,Central California,earthquake
1919-02-16T15:57:00.000Z,35,-119,,5,ushis647,2018-06-04T20:43:44.000Z,Central California,earthquake
1918-06-06T22:32:00.000Z,33.8,-117,,5,ushis635,2018-06-04T20:43:44.000Z,Southern California,earthquake
1918-05-01T04:32:00.000Z,32.7,-115.5,,5,ushis633,2018-06-04T20:43:44.000Z,"Mexicali-Calexico urban area, California",earthquake
1918-04-21T22:32:25.000Z,33.75,-117,,6.75,ushis631,2020-07-10T13:13:00.999Z,Southern California,earthquake
1917-05-28T06:06:00.000Z,32.8,-115.3,,5.5,ushis613,2018-06-04T20:43:44.000Z,Southern California,earthquake
1917-04-11T18:59:55.000Z,40,-118,,5.1,ushis611,2018-06-04T20:43:44.000Z,Nevada,earthquake
1916-11-10T09:11:00.000Z,35.5,-116,,6.1,ushis603,2018-06-04T20:43:44.000Z,Southern California,earthquake
1916-10-23T02:54:00.000Z,34.7,-119,,5.5,ushis602,2018-06-04T20:43:44.000Z,Southern California,earthquake
1916-10-23T02:44:00.000Z,34.9,-118.9,,5.96,ushis601,2018-06-04T20:43:44.000Z,Central California,earthquake
1916-10-11T05:49:09.000Z,41.5,-116.5,,5,ushis599,2018-06-04T20:43:44.000Z,Nevada,earthquake
1916-09-30T02:11:00.000Z,33.5,-116.5,,5,ushis598,2018-06-04T20:43:44.000Z,Southern California,earthquake
1916-08-08T16:52:41.000Z,37,-122,,5,ushis597,2018-06-04T20:43:44.000Z,Northern California,earthquake
1916-08-06T19:38:00.000Z,36.67,-121.25,,5.3,ushis596,2018-06-04T20:43:44.000Z,Central California,earthquake
1916-08-04T04:12:52.000Z,41.5,-117,,5,ushis595,2018-06-04T20:43:44.000Z,Nevada,earthquake
1916-08-03T14:22:38.000Z,41.5,-116.5,,5.8,ushis594,2018-06-04T20:43:44.000Z,Nevada,earthquake
1916-08-03T13:49:19.000Z,41.5,-116.5,,5.6,ushis593,2018-06-04T20:43:44.000Z,Nevada,earthquake
1916-02-03T05:03:04.000Z,41,-117.8,,5.9,ushis583,2018-06-04T20:43:44.000Z,Nevada,earthquake
1915-10-03T06:53:21.000Z,40.258,-117.654,10,6.8,iscgem913944,2021-01-27T09:36:14.042Z,"The 1915 Pleasant Valley Earthquake, Nevada",earthquake
1915-06-23T04:56:00.000Z,32.8,-115.5,,5.5,ushis572,2018-06-04T20:43:44.000Z,Southern California,earthquake
1915-06-23T03:59:00.000Z,32.8,-115.5,,5.5,ushis571,2018-06-04T20:43:44.000Z,Southern California,earthquake
1915-05-29T06:46:00.000Z,36.08,-118.83,,5,ushis570,2018-06-04T20:43:44.000Z,Central California,earthquake
1915-04-05T23:11:00.000Z,38.58,-119.5,,5,ushis568,2018-06-04T20:43:44.000Z,Central California,earthquake
1915-01-12T04:31:00.000Z,34.6,-120.2,,5.2,ushis565,2018-06-04T20:43:44.000Z,Southern California,earthquake
1914-04-24T08:35:00.000Z,39.5,-119.8,,6.4,ushis559,2018-06-04T20:43:44.000Z,Nevada,earthquake
1914-02-18T18:17:00.000Z,39.5,-119.8,,6,ushis556,2018-06-04T20:43:44.000Z,Nevada,earthquake
1912-01-05T03:52:00.000Z,37.33,-118.42,,5.5,ushis528,2018-06-04T20:43:44.000Z,Central California,earthquake
1911-07-01T22:00:03.000Z,37.25,-121.75,,6.6,ushis521,2018-06-04T20:43:44.000Z,"San Francisco Bay area, California",earthquake
1910-12-31T12:11:00.000Z,36.83,-121.42,,5,ushis517,2018-06-04T20:43:44.000Z,Central California,earthquake
1910-05-15T15:47:00.000Z,33.7,-117.4,,5.3,ushis506,2018-06-04T20:43:44.000Z,Southern California,earthquake
1910-05-13T06:20:00.000Z,33.7,-117.4,,5,ushis504,2018-06-04T20:43:44.000Z,Southern California,earthquake
1910-05-06T16:40:00.000Z,37.33,-118.42,,5.6,ushis503,2018-06-04T20:43:44.000Z,Central California,earthquake
1910-04-11T07:57:00.000Z,33.7,-117.4,,5,ushis501,2018-06-04T20:43:44.000Z,Southern California,earthquake
1910-03-11T06:52:00.000Z,36.9,-121.8,,5.8,ushis499,2018-06-04T20:43:44.000Z,Northern California,earthquake
1909-10-29T06:45:00.000Z,40.5,-124.2,,6.4,ushis495,2018-06-04T20:43:44.000Z,Northern California,earthquake
1909-06-23T07:24:00.000Z,39.4,-120.8,,5.7,ushis489,2018-06-04T20:43:44.000Z,Northern California,earthquake
1909-03-03T12:00:00.000Z,39.4,-120.9,,5,ushis483,2018-06-04T20:43:44.000Z,Northern California,earthquake
1908-11-04T08:37:00.000Z,36,-117,,6.5,ushis478,2018-06-04T20:43:44.000Z,Central California,earthquake
1908-08-18T10:59:00.000Z,40.8,-124,,5,ushis476,2018-06-04T20:43:44.000Z,Northern California,earthquake
1907-09-20T01:54:00.000Z,34.2,-117.1,,5.3,ushis468,2018-06-04T20:43:44.000Z,Southern California,earthquake
1906-04-23T09:10:00.000Z,41,-124,,6.4,ushis452,2018-06-04T20:43:44.000Z,Northern California,earthquake
1906-04-19T00:30:00.000Z,32.9,-115.5,,6.28,ushis451,2018-06-04T20:43:44.000Z,Southern California,earthquake
1906-04-18T13:12:27.700Z,37.75,-122.55,11.7,7.9,official19060418131226300_12,2021-05-19T19:15:11.904Z,The 1906 San Francisco Earthquake,earthquake
1905-01-06T14:30:00.000Z,35.5,-118.7,,5,ushis432,2018-06-04T20:43:44.000Z,Central California,earthquake
1903-08-03T06:49:00.000Z,37.3,-121.8,,5.8,ushis421,2018-06-04T20:43:44.000Z,"San Francisco Bay area, California",earthquake
1903-06-11T13:12:00.000Z,37.4,-121.9,,5.8,ushis418,2018-06-04T20:43:44.000Z,"San Francisco Bay area, California",earthquake
1902-07-31T09:20:00.000Z,34.7,-120.3,,5.4,ushis406,2018-06-04T20:43:44.000Z,Central California,earthquake
1902-07-28T06:57:00.000Z,34.8,-120.4,,5.4,ushis404,2018-06-04T20:43:44.000Z,Central California,earthquake
1902-05-19T18:31:00.000Z,38.3,-121.9,,5.4,ushis402,2018-06-04T20:43:44.000Z,Northern California,earthquake
1901-07-26T22:20:00.000Z,40.8,-115.7,,5,ushis395,2018-06-04T20:43:44.000Z,Nevada,earthquake
1901-03-03T07:45:00.000Z,36,-120.5,,6.4,ushis393,2018-06-04T20:43:44.000Z,Central California,earthquake